Column1;Column2;Column3;Column4;Column5;Column6;Column7;Column8;Column9;Column10;Column11
;;;;;;;;;;
Id_Sensado;Fecha;Lux Int;Lux Ext;Tem Int;Hum Int;Tem Ext;Hum Ext;Hum Sue 100;Hum Sue 75;Hum Sue 50
506;7/11/2024 10:18;15089.4;23556.2;29.86;59.34;29.25;67.08;0.0;0.0;0.0
507;7/11/2024 11:19;28621.4;44337.9;33.84;46.57;33.31;49.23;0.0;0.0;0.0
508;7/11/2024 12:20;42899;51073.8;35;43.94;35.44;41.72;63.15;35.97;47.48
509;7/11/2024 13:20;46968.7;47793.5;38.91;35.25;38.3;35.32;92.94;62.21;80.16
510;7/11/2024 14:21;16151.1;23034.2;32.76;48.01;31.21;51.45;95.31;66.89;84.51
511;7/11/2024 15:22;13361.4;18505.8;30.93;52.08;30.21;55.19;94.17;60.71;78.89
512;7/11/2024 16:22;6498.33;9739.17;29.2;58.82;28.35;63.64;93.34;54.5;77.35
513;7/11/2024 17:23;1918.47;2970.69;27.41;61.55;26.27;67.49;90.71;44.25;70.01
514;7/11/2024 18:24;74.44;120.97;25.92;64.94;24.89;71.59;91.81;42.91;69.43
515;7/11/2024 19:24;0;0;24.85;70.57;23.97;78.11;90.31;43.93;70.05
516;7/11/2024 20:25;0;0;23.58;79.59;22.56;95.72;84.4;34.27;63.43
517;7/11/2024 21:25;0;0;22.91;83.35;21.88;100;93.52;47.67;73.88
518;7/11/2024 22:26;0;0;22.63;84.42;21.68;100;86.03;36.6;63.69
519;7/11/2024 23:27;0;0;22.51;84.63;21.52;100;86.37;30.98;57.07
520;8/11/2024 0:27;0;0;22.77;82.79;21.9;99.94;82.03;25.97;49.95
521;8/11/2024 1:28;0;0;22.87;82.59;21.85;100;82.33;26.45;51.52
522;8/11/2024 2:29;0;0;22.75;80.67;21.75;99.69;86.84;37.35;60.09
523;8/11/2024 3:29;0;0;22.45;84.22;21.42;100;93.55;55.05;76.07
524;8/11/2024 4:30;0;0;21.96;89.59;20.94;100;89.23;44.91;65.42
525;8/11/2024 5:30;0;0;21.54;94.48;20.42;100;87.99;40.28;61.96
526;8/11/2024 6:31;336.39;468.61;21.48;96.35;20.25;100;78.31;29.96;52.56
527;8/11/2024 7:32;2387.92;3530.97;22.33;92.06;21.05;100;78.97;28.65;48.81
528;8/11/2024 8:32;5707.92;8680.97;24;82.87;22.5;100;72.28;21.86;44.49
529;8/11/2024 9:33;14965.3;22043.1;28.56;65.02;27.15;80.53;73.83;24.65;46.85
530;8/11/2024 10:34;8715.97;13812.6;28.7;62.18;27.24;73.39;80.75;41.31;61.25
531;8/11/2024 11:34;6341.67;9928.75;25.23;79.64;23.3;99.02;74.15;30.5;51.41
532;8/11/2024 12:35;5708.19;8306.53;24.99;81.4;22.74;100;72.33;29.3;50.16
533;8/11/2024 13:35;8879.03;13341.1;25.7;78.38;23.42;100;75.21;30.74;54.55
534;8/11/2024 14:36;7950.14;11486.4;26.57;75.43;24.17;100;79.85;38.9;59.8
535;8/11/2024 15:37;5931.53;9783.89;25.44;81.66;23.22;100;73.52;25.13;51.28
536;8/11/2024 16:37;2651.25;4338.19;24.93;85.07;22.96;100;82.69;39.6;63.87
537;8/11/2024 17:38;837.36;1354.31;23.56;91.05;21.98;100;80.99;36.65;58.94
538;8/11/2024 18:39;2.22;3.47;22.83;95.46;21.33;100;75.17;31.02;48.37
539;8/11/2024 19:39;0;0;22.51;97.64;21.2;100;80.05;35.47;62.97
540;8/11/2024 20:40;0;0;22.38;96.54;21.06;100;74.62;29.23;47.54
541;8/11/2024 21:40;0;0;21.29;94.29;19.84;100;78.4;26.52;52.19
542;8/11/2024 22:41;0;0;21.01;96.44;19.7;100;78.05;28.07;52.07
543;8/11/2024 23:42;0;0;20.77;92.91;19.37;100;74.09;23.99;51.89
544;9/11/2024 0:42;0;0;20.45;92.14;19.04;100;74.94;25.3;49.61
545;9/11/2024 1:43;0;0;20.23;92.22;18.86;100;84.84;40.07;68.57
546;9/11/2024 2:44;0;0;20.14;93.71;18.79;100;80.55;32.43;57.85
547;9/11/2024 3:44;0;0;20.02;96.96;18.79;100;68.7;19.39;43.79
548;9/11/2024 4:45;0;0;19.98;97.44;18.69;100;79.38;32.09;59.56
549;9/11/2024 5:45;1.53;2.5;19.81;98.41;18.54;100;79.81;31.2;63.87
550;9/11/2024 6:46;717.64;1104.03;19.88;97.85;18.57;100;74.99;27.56;54.74
551;9/11/2024 7:47;2901.53;3905.56;21.09;91.49;19.71;100;69.86;23.57;46.36
552;9/11/2024 8:47;10618.1;11756.2;27.49;63.12;25.65;80.23;75.38;29.82;55.7
553;9/11/2024 9:48;9539.17;12209;29.34;54.62;26.94;65.27;88.07;44.22;75.89
554;9/11/2024 10:49;26679.3;49842.4;32.2;48.49;30.61;53.16;79.41;35.01;62.25
555;9/11/2024 11:49;47316.9;51297.2;35.24;39.01;33.86;41.5;80.23;37.13;62.84
556;9/11/2024 12:50;54612.5;54612.5;36.38;36.78;35.49;38.01;69.55;22.46;45.0
557;9/11/2024 13:51;49562.5;51310;38.07;33.42;35.86;37.54;83.65;43.49;66.16
558;9/11/2024 14:51;24110.1;35277.2;36.11;38.27;34.16;42.23;82.87;39.61;67.13
559;9/11/2024 15:52;10269.9;14749.9;29.32;56.57;27.69;63.66;76.6;31.25;53.82
560;9/11/2024 16:52;5762.92;8690.69;28.58;60.99;27.18;69.48;70.41;23.61;42.93
561;9/11/2024 17:53;1055;1559.17;26.46;67.97;24.99;79.5;73.58;30.06;55.82
562;9/11/2024 18:54;0.42;0.69;24.66;74.95;23.18;93.15;75.67;32.71;55.71
563;9/11/2024 19:54;0;0;23.8;81.33;22.47;99.95;76.52;30.61;55.2
564;9/11/2024 20:55;0;0;23.42;82.03;22.26;100;68.59;22.24;41.42
565;9/11/2024 21:56;0;0;23.11;82.07;21.95;100;71.28;25.54;50.4
566;9/11/2024 22:56;0;0;22.46;84.75;21.24;100;73.65;29.22;55.11
567;9/11/2024 23:57;0;0;22.22;85.26;21.19;100;73.47;27.88;56.71
568;10/11/2024 0:57;0;0;22.16;85.66;21.04;100;78.34;34.66;65.71
569;10/11/2024 1:58;0;0;21.54;89.61;20.32;100;75.56;31.75;56.21
570;10/11/2024 2:59;0;0;21.27;92.24;20.18;100;80.66;36.89;64.5
571;10/11/2024 3:59;0;0;21.31;92.54;20.14;100;68.14;25.16;45.63
572;10/11/2024 5:00;0;0;21.34;93.76;20.2;100;69.22;22.48;46.15
573;10/11/2024 6:01;62.64;86.25;20.92;95.53;19.73;100;72.93;28.37;53.55
574;10/11/2024 7:01;1690.97;2682.36;21.87;90.78;20.91;100;68.29;20.19;41.66
575;10/11/2024 8:02;4965.56;7509.17;24.08;80.7;23.57;97.37;66.96;20.42;42.11
576;10/11/2024 9:02;8605.42;10601.8;28.23;63.72;28.06;69.98;73.11;25.65;52.38
577;10/11/2024 10:03;17251.4;19020.7;33.58;47.78;33.57;48.54;81.66;37.96;65.85
578;10/11/2024 11:04;24727.5;41026.7;33.68;45.21;33.22;46.22;74.08;31.25;56.56
579;10/11/2024 12:04;27967.9;43799.2;35.47;39.21;35.06;39.19;67.53;21.9;42.91
580;10/11/2024 13:05;35868.1;46615.4;36.66;36.25;35.67;37.86;78.1;35.68;57.85
581;10/11/2024 14:06;38757.9;50795.6;36.74;35.54;34.9;38.8;83.15;41.47;67.08
582;10/11/2024 15:06;34697.8;34269.2;40.36;28.74;37.42;33.79;78.43;35.6;60.69
583;10/11/2024 16:07;15148.8;12819.2;39.2;30.5;36.37;35.3;70.65;26.13;46.81
584;10/11/2024 17:07;3962.5;6381.53;31.31;47.33;29.45;52.49;84.53;44.71;70.2
585;10/11/2024 18:08;311.25;516.11;26.94;64.99;25.25;77.26;80.28;38.4;63.32
586;10/11/2024 19:09;0;0;25.01;74.53;23.5;93.57;89.97;50.02;78.17
587;10/11/2024 20:09;0;0;24.14;80.43;22.72;100;78.56;35.41;59.3
588;10/11/2024 21:10;0;0;23.76;82.69;22.51;100;75.27;32.88;55.85
589;10/11/2024 22:11;0;0;23.52;84.95;22.27;100;68.94;28.51;45.36
590;10/11/2024 23:11;0;0;23.03;92.69;21.62;100;74.79;32.56;54.96
591;11/11/2024 0:12;0;0;22.66;88.94;21.17;100;65.75;23.02;37.91
592;11/11/2024 1:13;0;0;21.5;87.47;19.6;100;87.34;42.61;73.0
593;11/11/2024 2:13;0;0;20.43;93.05;18.81;100;81.75;39.5;61.33
594;11/11/2024 3:14;0;0;20.27;94.84;18.8;100;70.39;26.67;46.45
595;11/11/2024 4:14;0;0;20.12;92.92;18.69;100;68.6;25.05;43.12
596;11/11/2024 5:15;0;0;19.71;91.36;18.28;100;81.76;35.46;64.23
597;11/11/2024 6:16;108.47;174.44;19.69;95.04;18.3;100;66.67;22.53;39.4
598;11/11/2024 7:16;1686.81;2684.17;20.15;92.79;18.77;100;73.08;28.48;49.29
599;11/11/2024 8:17;9128.06;14748.3;23.13;79.78;21.59;100;82.03;37.48;66.74
600;11/11/2024 9:18;11280;18157.1;25.39;69.65;23.7;92.63;80.51;36.07;61.59
601;11/11/2024 10:18;15958.1;26602.2;27.78;59.91;25.99;74.16;66.39;24.31;42.36
602;11/11/2024 11:19;26236.8;36543.1;29.52;53.32;28.35;57.98;73.58;31.43;51.58
603;11/11/2024 12:19;37491.4;47677.9;31.89;48.07;31.01;50.16;75.4;33.48;55.0
604;11/11/2024 13:30;35723.9;45106.9;33.73;39.82;33.35;40.21;83.34;38.56;67.4
605;11/11/2024 14:31;32746.4;44330.7;35.15;36.22;33.73;38.59;80.47;39.21;61.12
606;11/11/2024 15:32;16209.9;11907.6;35.67;35.84;32.87;41.42;88.55;51.49;78.77
607;11/11/2024 16:32;7053.33;7863.61;30.93;47.45;29.94;50.19;65.78;21.29;36.04
608;11/11/2024 17:33;1602.64;2422.22;27.31;60.2;25.8;67.15;69.54;27.18;43.72
609;11/11/2024 18:33;29.72;46.67;25.41;70.82;23.98;83.18;74.18;30.66;53.44
610;11/11/2024 19:34;0;0;24.17;77;22.8;94.73;84.59;40.36;65.9
611;11/11/2024 20:35;0;0;23.09;83.62;21.72;100;72.31;26.49;49.58
612;11/11/2024 21:35;0;0;22.52;85.24;21.31;100;76.41;33.29;52.93
613;11/11/2024 22:36;0;0;22.51;86.01;21.43;100;75.1;30.48;53.06
614;11/11/2024 23:37;0;0;22.42;87.13;21.29;100;73.04;29.22;48.78
615;12/11/2024 0:37;0;0;22.3;87.64;21.22;100;74.76;31.64;51.47
616;12/11/2024 1:38;0;0;22.08;88.86;20.96;100;81.38;36.19;63.06
617;12/11/2024 2:38;0;0;21.97;90.54;20.87;100;75.36;31.94;55.09
618;12/11/2024 3:39;0;0;21.87;90.84;20.75;100;67.14;23.06;42.0
619;12/11/2024 4:40;0;0;21.66;92.52;20.51;100;74.13;30.66;51.01
620;12/11/2024 5:40;1.25;1.94;21.54;93.06;20.34;100;74.74;32.23;57.2
621;12/11/2024 6:41;510.14;824.03;21.54;89;20.39;100;67.09;24.11;41.49
622;12/11/2024 7:42;1949.31;3092.78;22.51;83.36;21.52;100;73.59;27.7;48.64
623;12/11/2024 8:42;7524.3;11807.5;24.87;70.84;24.39;83.05;68.84;24.38;43.24
624;12/11/2024 10:07;10545.1;16781.4;27.83;57.12;27.45;59.57;66.53;22.87;41.18
625;12/11/2024 11:07;19732.4;31957.1;30.75;48.06;30.98;47.56;75.11;30.87;52.72
626;12/11/2024 12:08;19261.8;30864.9;32.1;43.8;32.15;42.94;72.28;27.77;49.46
627;12/11/2024 13:08;22131.1;31453.5;33.29;41.14;33.22;41.62;80.35;35.32;61.12
628;12/11/2024 14:09;15454.2;24811.5;32.83;41.58;31.85;43.23;76.74;30.95;53.45
629;12/11/2024 15:10;10830.6;17043.8;32.16;41.86;31.27;42.51;76.21;30.17;54.28
630;12/11/2024 16:10;8882.5;11940.3;32.16;42.25;31.05;43.94;77.96;30.88;55.16
631;12/11/2024 17:11;2951.39;4543.06;29.04;51.49;27.8;54.28;80.81;35.18;59.41
632;12/11/2024 18:12;296.67;415.97;26.19;63.07;24.69;69.73;77.0;31.96;55.51
633;12/11/2024 19:12;0;0;23.76;76.13;22.49;91.51;71.08;26.05;45.54
634;12/11/2024 20:13;0;0;22.81;79.59;21.66;96;68.81;21.85;42.32
635;12/11/2024 21:13;0;0;22.02;85.85;20.91;100;75.71;30.41;51.02
636;12/11/2024 22:14;0;0;22.24;83.54;21.28;99.77;76.42;28.95;53.48
637;12/11/2024 23:15;0;0;22.23;80.7;21.15;99.82;73.2;26.34;47.18
638;13/11/2024 0:15;0;0;22.08;80.53;21.02;100;70.79;22.55;44.26
639;13/11/2024 1:16;0;0;21.87;81.57;20.83;100;64.92;19.25;37.03
640;13/11/2024 2:17;0;0;21.77;83.29;20.73;100;80.57;29.78;57.13
641;13/11/2024 3:17;0;0;21.51;85.3;20.46;100;83.15;32.68;63.83
642;13/11/2024 4:18;0;0;21.45;86.71;20.34;100;72.68;23.49;45.93
643;13/11/2024 5:18;0;0;21.4;87.68;20.26;100;76.71;26.85;53.31
644;13/11/2024 6:19;190.28;284.58;21.04;90.33;19.55;100;74.55;25.16;51.42
645;13/11/2024 7:20;1984.44;2913.33;21.17;90.06;19.67;100;66.72;18.73;38.64
646;13/11/2024 8:20;4345.28;6772.92;22.48;84.02;20.82;100;74.41;22.66;48.77
647;13/11/2024 9:21;13232.6;17842.1;25.61;72.79;24.58;91.72;73.49;22.63;48.13
648;13/11/2024 10:22;17279.4;28491;28.51;59.08;27.16;69.99;72.75;23.38;47.78
649;13/11/2024 12:13;47225.4;48637.2;34.84;40.52;34.07;40.84;69.06;22.04;44.5
650;13/11/2024 13:14;54565.7;54612.5;36.2;35.26;34.77;37.69;74.16;24.76;48.32
651;13/11/2024 14:14;37309.4;50677.4;34.61;36.57;33.34;38.03;85.28;38.16;70.78
652;13/11/2024 15:15;21025.7;33072.1;34.92;37.21;33.51;38.9;63.12;13.88;30.34
653;13/11/2024 16:16;8993.75;15548.6;31.22;46.91;29.72;50.05;74.52;32.29;50.33
654;13/11/2024 17:16;2725.42;5050.28;28.85;56.7;27.61;59.98;78.53;53.81;57.51
655;13/11/2024 18:17;209.86;398.75;26.38;66.48;25.12;73.62;60.14;34.86;33.81
656;13/11/2024 19:17;0;0;25.09;67.33;24.04;73.96;82.19;61.98;73.92
657;13/11/2024 20:18;0;0;24.22;63.5;23.23;68.17;70.26;44.4;48.67
658;13/11/2024 21:19;0;0;23.75;65.19;22.85;69.03;72.06;45.7;52.25
659;13/11/2024 22:19;0;0;23.34;68.02;22.39;72.67;77.81;55.38;68.21
660;13/11/2024 23:20;0;0;23.09;69.64;22.09;75.31;73.14;47.22;54.99
661;14/11/2024 0:21;0;0;22.86;70.51;21.88;78.38;77.97;53.51;62.72
662;14/11/2024 1:21;0;0;22.28;68.24;21.2;76.17;71.92;46.58;55.5
663;14/11/2024 2:22;0;0;21.59;73.65;20.5;81.36;78.74;54.93;66.35
664;14/11/2024 3:22;0;0;21.42;78.58;20.36;91.77;73.17;47.38;58.05
665;14/11/2024 4:23;0;0;20.6;87.97;19.16;100;73.7;48.71;59.14
666;14/11/2024 5:24;0;0;20.26;87.18;18.96;100;73.47;46.67;56.09
667;14/11/2024 6:24;244.31;468.33;19.51;85.68;18.35;100;67.78;39.2;48.74
668;14/11/2024 7:25;3140.42;5894.72;20.09;81.74;18.94;100;69.45;43.25;54.29
669;14/11/2024 8:26;9560.97;17870.8;22.85;72.66;22.04;87.99;80.9;55.26;68.09
670;14/11/2024 9:26;9264.03;17640;24.31;67.89;23.44;79.91;69.54;42.08;55.13
671;14/11/2024 10:27;12942.2;24442.5;26.02;59.04;25.26;65;75.91;51.15;63.82
672;14/11/2024 11:27;25056.1;47523.9;29.19;49.09;29.27;48.32;80.44;57.17;67.65
673;14/11/2024 12:28;34655.7;50538.6;32.67;38.52;32.42;38.32;62.16;32.33;38.01
674;16/11/2024 11:18;15126.2;23408.5;28.74;58.67;26.91;72.24;68.74;42.25;44.86
675;16/11/2024 12:19;20148.8;30879.2;31.79;47.84;30.14;52.36;59.56;30.16;33.17
676;16/11/2024 13:19;12738.2;20453.5;30.08;52.52;28.7;56.72;65.97;34.63;39.3
677;16/11/2024 15:00;8523.19;13760;28.42;56.37;27.78;59.95;67.78;36.61;42.77
678;16/11/2024 16:21;5473.89;8730.42;27.47;61.43;26.78;65.39;75.84;52.05;55.79
679;16/11/2024 17:22;1880.83;2906.39;25.9;69.85;24.66;79.5;72.3;45.43;50.22
680;16/11/2024 18:23;78.61;117.78;23.72;80.79;22.45;98.42;71.77;42.22;47.46
681;16/11/2024 19:23;0;0;23.33;85;22.12;100;68.47;39.81;45.06
682;16/11/2024 20:24;0;0;23.11;83.71;21.93;100;78.45;51.97;58.41
683;16/11/2024 21:24;0;0;22.55;88.49;21.37;100;83.85;61.7;66.82
684;16/11/2024 22:25;0;0;21.76;91.97;20.56;100;70.46;42.79;47.43
685;16/11/2024 23:26;0;0;21.23;94.02;20.12;100;76.76;52.27;57.37
686;17/11/2024 0:26;0;0;21.35;93.86;20.23;100;67.46;39.25;46.65
687;17/11/2024 1:27;0;0;21.6;91.97;20.47;100;76.67;49.67;54.08
688;17/11/2024 2:28;0;0;21.58;92.25;20.44;100;71.92;43.16;47.7
689;17/11/2024 3:28;0;0;21.5;92.12;20.39;100;72.39;46.82;51.03
690;17/11/2024 4:59;0;0;21.17;94.44;20.25;100;78.08;49.98;54.63
691;17/11/2024 6:00;15.69;25.69;20.88;99.68;20.15;100;81.82;59.01;63.01
692;17/11/2024 7:01;988.06;1587.78;21.63;93.09;20.75;100;81.37;58.68;63.13
693;17/11/2024 8:01;3056.39;5035.69;22.77;87.81;21.35;100;76.23;50.69;54.99
694;17/11/2024 9:02;8327.36;13049.7;23.96;80.41;22.78;99.01;80.16;58.46;62.98
695;17/11/2024 10:02;15791.9;22122.1;28.99;59.59;27.6;70.55;78.51;54.82;58.4
696;17/11/2024 11:03;26225.1;41066.9;32.26;48.14;31.95;49.35;57.64;30.67;33.26
697;17/11/2024 12:14;54134.9;54612.5;35.12;41.19;35.49;40.26;71.99;48.19;51.22
698;17/11/2024 13:15;39949.6;46379.6;36.45;37.75;35.63;38.61;74.94;56.03;57.78
699;17/11/2024 14:15;37779.7;41187.6;38.82;33.23;36.22;37.76;76.39;49.16;54.1
700;17/11/2024 15:16;28178.3;21492.1;39.27;31.64;37.22;34.96;77.37;54.74;59.27
701;17/11/2024 16:47;3972.78;3637.22;32.2;44.12;33.38;41.2;66.44;38.51;42.71
702;17/11/2024 17:48;679.44;899.58;28.1;56.52;27.34;59.42;73.59;48.04;51.65
703;17/11/2024 18:48;3.47;4.72;26.13;64.51;25.21;70.62;62.37;31.15;37.0
704;17/11/2024 19:49;0;0;25.29;69.62;24.3;77.81;75.26;46.43;52.95
705;17/11/2024 20:49;0;0;24.69;72.84;23.62;84.23;81.54;59.91;64.72
706;17/11/2024 21:50;0;0;23.84;81.3;22.51;99.45;65.69;36.4;40.44
707;17/11/2024 22:51;0;0;23.87;81.56;22.69;100;75.25;51.78;57.26
708;17/11/2024 23:51;0;0;23.69;83.53;22.49;100;73.61;42.07;47.07
709;18/11/2024 0:52;0;0;23.51;80.14;22.3;100;78.0;52.31;58.09
710;18/11/2024 1:53;0;0;22.45;86.93;21.04;100;81.15;58.22;63.65
711;18/11/2024 2:53;0;0;21.84;92.8;20.28;100;49.55;17.24;20.58
712;18/11/2024 3:54;0;0;21.35;97.12;19.9;100;49.52;20.23;23.37
713;18/11/2024 4:54;0;0;21.34;98.2;19.91;100;74.18;44.96;54.68
714;18/11/2024 5:55;22.5;33.33;21.26;97.86;19.75;100;77.42;48.95;56.55
715;18/11/2024 6:56;1904.17;2784.31;21.89;94.69;20.3;100;70.76;43.26;51.09
716;18/11/2024 7:56;2780.97;4175.42;22.7;90.25;20.92;100;78.75;51.26;60.29
717;18/11/2024 8:57;5382.08;8200.14;23.94;85.89;22.06;100;63.35;27.81;34.56
718;18/11/2024 9:58;11422.6;13829.2;27.65;70.5;25.78;93.2;82.19;52.51;60.31
719;18/11/2024 10:58;32253.6;52706.8;34.13;46.41;31.21;57.52;74.23;45.2;51.85
720;18/11/2024 11:59;53897.1;54612.5;36.09;41.07;35.64;41.85;68.31;35.08;42.43
721;18/11/2024 12:59;54612.5;54612.5;37.31;36.69;36.4;38.17;71.01;39.11;46.1
722;18/11/2024 14:00;50282.6;52861.8;39.72;30.75;37.69;33.8;71.97;46.64;51.0
723;18/11/2024 15:01;32264.3;39602.2;38.48;33.01;36.34;36.7;73.67;42.17;49.86
724;18/11/2024 16:01;8238.06;8641.39;32.43;54.82;30.27;65.16;72.79;41.18;49.88
725;18/11/2024 17:02;2584.86;3817.64;28.8;64.49;27.38;74.74;76.65;48.42;58.59
726;18/11/2024 18:03;412.64;583.19;27.3;67.33;25.81;78.76;82.09;51.09;61.62
727;18/11/2024 19:03;0;0;25.18;84.28;23.03;100;77.13;44.2;54.57
728;18/11/2024 20:04;0;0;23.96;89.6;21.98;100;78.57;43.72;55.28
729;18/11/2024 21:04;0;0;23.32;93.06;21.62;100;65.22;30.2;40.42
730;18/11/2024 22:05;0;0;23.01;94.39;21.33;100;80.26;48.36;62.13
731;18/11/2024 23:06;0;0;22.76;96.64;21.21;100;77.36;41.02;53.65
732;19/11/2024 0:06;0;0;22.5;97.22;20.99;100;70.23;32.47;43.77
733;19/11/2024 1:07;0;0;22.37;97.33;20.86;100;67.15;30.44;39.5
734;19/11/2024 2:08;0;0;22.3;98.16;20.86;100;70.35;34.04;45.04
735;19/11/2024 3:08;0;0;22.29;97.96;20.82;100;76.04;39.51;51.47
736;19/11/2024 4:09;0;0;22.2;97.92;20.71;100;67.97;30.53;43.15
737;19/11/2024 5:10;0;0;21.85;98.36;20.42;100;69.54;29.79;41.96
738;19/11/2024 6:10;40.14;60.69;21.68;98.28;20.28;100;72.78;35.71;47.02
739;19/11/2024 7:11;1381.67;2109.86;22.09;96.43;20.71;100;81.68;43.35;59.97
740;19/11/2024 8:11;4281.25;6643.75;23.7;87.16;22.01;100;76.84;38.0;52.79
741;19/11/2024 9:12;10221.8;14792.2;26.62;73.98;24.95;100;70.08;31.04;42.24
742;19/11/2024 10:13;11838.6;17494.9;29.2;60.67;26.88;82.28;60.36;22.59;31.49
743;19/11/2024 11:13;11516.4;17895.7;29.14;61.38;27.88;74.46;74.93;37.12;50.58
744;19/11/2024 12:14;28009;39030.4;32.16;52.58;31.8;55.16;69.91;34.7;47.97
745;19/11/2024 13:15;30637.6;36623.2;33.38;50.18;32.69;52.94;71.45;33.41;45.67
746;19/11/2024 14:15;3574.72;5679.3;26.75;71.49;24.26;96.47;69.42;29.94;42.53
747;19/11/2024 15:16;6103.19;8910.56;25.94;77.28;23.92;100;68.29;31.58;46.42
748;19/11/2024 16:16;7248.61;9997.5;27.25;73.87;25.59;100;73.29;33.72;49.61
749;19/11/2024 17:17;2067.78;3216.94;25.2;81.16;23.61;100;65.65;25.82;37.77
750;19/11/2024 18:18;86.67;139.72;23.99;87.51;22.53;100;73.15;33.22;50.81
751;19/11/2024 19:18;0;0;23.14;90.66;21.75;100;64.43;23.5;38.36
752;19/11/2024 20:19;0;0;22.67;93.07;21.36;100;59.65;18.42;31.05
753;19/11/2024 21:20;0;0;22.59;94.99;21.22;100;67.23;22.24;40.27
754;19/11/2024 22:20;0;0;22.42;96.32;21.06;100;61.19;19.18;34.51
755;19/11/2024 23:21;0;0;21.86;97.53;20.56;100;70.63;29.71;50.06
756;20/11/2024 0:21;0;0;21.36;99.41;20.06;100;69.14;27.2;46.15
757;20/11/2024 1:22;0;0;21.17;100;19.97;100;78.58;34.74;58.24
758;20/11/2024 2:23;0;0;21.28;99.71;20.03;100;75.81;31.55;52.82
759;20/11/2024 3:23;0;0;21.5;99.23;20.23;100;76.77;30.55;55.61
760;20/11/2024 4:24;0;0;21.52;97.52;20.29;100;77.03;31.01;56.01
761;20/11/2024 5:25;0;0;21.32;98.07;20.14;100;61.28;18.02;36.6
762;20/11/2024 6:25;72.5;110.69;21.04;99.52;19.72;100;71.42;26.7;49.3
763;20/11/2024 7:26;737.92;1134.03;21.13;98.05;19.75;100;70.45;26.22;46.84
764;20/11/2024 8:26;5913.33;9187.08;23.06;90.81;21.27;100;82.76;36.75;67.63
765;20/11/2024 9:27;8832.5;13718.9;25.33;78.1;22.94;100;67.17;23.61;43.37
766;20/11/2024 11:08;23224;31876.9;29.87;60.84;28.8;75.93;66.67;22.44;42.44
767;20/11/2024 12:09;40912.5;53524;33.8;49.17;33.58;49.46;91.71;51.42;81.25
768;20/11/2024 15:01;36473.6;31148.1;38.12;35.96;35.79;39.79;66.93;21.64;36.72
769;20/11/2024 16:02;12906;7946.94;35.47;40.9;34.5;42.14;62.29;15.34;32.28
770;20/11/2024 17:02;3682.22;4741.39;30.19;55.05;30.08;56.05;79.61;33.02;57.24
771;20/11/2024 18:03;566.53;814.72;26.67;67.37;25.07;80.74;79.41;29.87;53.81
772;20/11/2024 19:44;0;0;24.31;77.91;23.28;98.17;74.12;23.47;44.84
773;20/11/2024 20:45;0;0;23.23;85.21;22.11;100;68.99;19.35;40.04
774;20/11/2024 21:45;0;0;23.03;85.59;21.74;100;86.53;32.61;60.37
775;20/11/2024 22:46;0;0;22.66;88.4;21.33;100;78.53;26.26;51.93
776;21/11/2024 0:07;0;0;22.37;91.86;21.39;100;80.19;27.5;52.56
777;21/11/2024 1:08;0;0;22.06;94.03;21.21;100;80.67;27.15;56.41
778;21/11/2024 2:08;0;0;22.09;95.05;20.99;100;73.56;20.9;44.22
779;21/11/2024 3:09;0;0;22.09;95.89;20.88;100;62.63;14.88;31.19
780;21/11/2024 4:10;0;0;22.1;96.33;20.91;100;68.97;17.81;39.84
781;21/11/2024 5:10;0;0;21.86;97.53;20.68;100;68.76;15.67;39.15
782;21/11/2024 6:11;98.06;147.5;21.32;99.99;20.13;100;69.74;19.98;42.0
783;21/11/2024 7:11;1442.78;2165.56;22.37;95.49;21.25;100;74.6;20.65;47.73
784;21/11/2024 8:42;8565.97;9100.69;25.95;73.74;26.26;86.38;61.64;16.58;33.97
785;21/11/2024 9:53;22526.5;20657.5;32.2;51.01;32.13;50.43;63.12;14.38;30.1
786;21/11/2024 10:54;38599.3;50965;35.9;41.44;34.98;42.02;69.54;22.56;43.17
787;21/11/2024 11:55;31733.3;33193.5;33.06;47.07;32.32;48.57;73.69;24.22;46.74
788;21/11/2024 12:55;35678.5;37156.7;34.34;43.93;33.09;45.71;76.71;25.38;50.48
789;21/11/2024 13:56;28935;29800.6;35.97;39.33;34.68;40.49;67.83;18.18;37.96
790;21/11/2024 14:57;45041.9;35989;35.91;39.2;34.6;41.35;76.49;20.7;48.09
791;21/11/2024 15:57;14998.1;13419;34.6;40.86;33.27;42.68;77.86;22.41;50.58
792;21/11/2024 16:58;1392.5;1768.06;27.39;60.76;25.86;68.86;76.8;18.63;51.14
793;21/11/2024 17:58;251.53;311.67;24.37;72.67;23.08;89.47;66.35;12.48;37.78
794;21/11/2024 18:59;0;0;23.66;78.32;22.33;98.92;59.59;6.96;27.94
795;21/11/2024 20:00;0;0;22.94;84.46;21.65;100;66.45;8.64;35.51
796;21/11/2024 21:00;0;0;22.38;90.76;21.1;100;70.61;12.8;40.42
797;21/11/2024 22:01;0;0;21.97;91.34;20.76;100;80.24;18.98;53.24
798;21/11/2024 23:02;0;0;21.96;92.2;20.75;100;85.11;22.67;65.15
799;22/11/2024 0:02;0;0;21.84;93.45;20.57;100;63.7;9.43;35.91
800;22/11/2024 1:03;0;0;21.71;95.62;20.48;100;74.62;13.94;49.03
801;22/11/2024 2:03;0;0;21.84;95.55;20.65;100;63.93;7.52;34.33
802;22/11/2024 3:04;0;0;21.7;95.64;20.47;100;62.93;10.0;37.79
803;22/11/2024 4:05;0;0;21.57;96.03;20.4;100;71.34;11.51;45.63
804;22/11/2024 5:05;0;0;21.47;97.82;20.3;100;68.75;10.99;43.63
805;22/11/2024 6:06;61.53;73.19;21.3;99.47;20.08;100;75.32;15.47;53.19
806;22/11/2024 7:07;1790.28;2198.89;22.24;94.64;21.11;100;70.06;14.19;46.58
807;22/11/2024 8:38;7540.14;8664.58;26.09;72.81;25.79;91.09;68.09;14.73;44.72
808;22/11/2024 9:38;14389.3;17065.1;29.04;61.69;29.46;64.98;84.08;23.65;61.75
809;22/11/2024 10:39;19061.1;27266.1;29.94;57.22;29.45;59.48;63.39;11.46;37.75
810;22/11/2024 11:40;50653.8;54612.5;35.84;42.07;36.41;39.2;78.2;23.63;59.06
811;22/11/2024 13:11;54612.5;54612.5;38.57;33.91;38.48;32.48;78.89;21.86;57.12
812;22/11/2024 14:11;40115.1;41622.4;38.66;34.35;37.32;35;79.21;16.5;53.11
813;22/11/2024 15:12;14770.4;17310.3;33.55;43.58;31.99;45.72;66.51;7.37;36.31
814;22/11/2024 16:13;5952.92;7580.97;28.51;59.37;27.16;64.72;77.02;15.47;55.29
815;22/11/2024 17:13;3718.33;4509.17;28.16;63.48;26.95;71.16;75.32;9.45;48.56
816;22/11/2024 18:14;316.67;407.08;25.99;70.57;24.5;84.88;69.83;4.79;41.21
817;22/11/2024 19:15;0;0;24.42;74.11;23.12;92.5;70.95;7.08;43.04
818;22/11/2024 20:15;0;0;23.85;77.99;22.6;99.45;75.41;8.88;47.33
819;22/11/2024 21:16;0;0;23.19;84.89;21.88;100;66.65;6.9;38.87
820;22/11/2024 22:16;0;0;22.37;94.6;20.76;100;73.0;8.62;47.88
821;22/11/2024 23:17;0;0;22.26;95.22;20.64;100;63.27;9.06;38.01
822;23/11/2024 0:18;0;0;21.88;96.57;20.33;100;82.71;13.88;58.17
823;23/11/2024 1:18;0;0;21.66;96.66;20.1;100;72.62;8.58;46.85
824;23/11/2024 2:19;0;0;21.49;96.64;19.87;100;70.57;6.86;45.14
825;23/11/2024 3:20;0;0;21.33;98.01;19.84;100;62.89;7.84;37.69
826;23/11/2024 4:20;0;0;21.25;97.21;19.78;100;72.76;8.7;46.13
827;23/11/2024 5:21;0;0;21.05;97.69;19.63;100;56.91;5.01;30.31
828;23/11/2024 6:21;243.06;300.83;21.09;99.38;19.72;100;73.26;8.48;49.67
829;23/11/2024 7:22;2581.25;3258.61;22.2;94.04;20.6;100;65.23;9.67;41.81
830;23/11/2024 8:23;6934.86;9048.19;23.85;84.7;21.99;100;75.27;12.17;54.3
831;23/11/2024 9:23;11814;15402.5;26.55;70.1;23.98;100;73.6;10.35;48.56
832;23/11/2024 10:24;24485;29771.2;29.99;57.72;29.1;76.49;67.48;12.62;41.61
833;23/11/2024 11:25;45052.9;52266;34.39;45.32;34.8;44.3;65.65;9.9;39.73
834;23/11/2024 12:25;31374.7;40138.3;35.28;43.04;34.78;42.19;73.45;14.88;48.49
835;23/11/2024 13:26;41993.5;44665.3;35.59;41.56;35.18;41.33;80.28;16.73;57.83
836;23/11/2024 15:27;22640.8;20199.4;38.66;32.85;37.24;34.56;73.5;10.88;47.42
837;23/11/2024 16:28;8080.28;12927.1;33.44;43.56;33.85;41.36;77.9;9.39;51.22
838;23/11/2024 17:29;4249.58;10300.3;30.35;52.06;29.17;53.96;72.28;4.7;44.39
839;23/11/2024 18:29;324.72;830.56;27.84;60.85;26.49;67.41;70.18;7.28;41.54
840;23/11/2024 19:30;0;0;26.19;67.97;25.1;80.08;58.72;4.26;31.57
841;23/11/2024 20:30;0;0;25.17;76.65;23.77;98.41;72.05;3.82;44.73
842;23/11/2024 21:31;0;0;24.26;79.54;23.08;100;68.74;6.45;43.05
843;23/11/2024 22:32;0;0;23.6;82.98;22.38;100;69.36;4.71;42.3
844;23/11/2024 23:32;0;0;22.93;87.39;21.72;100;65.23;2.37;39.45
845;24/11/2024 0:33;0;0;23.15;85.3;22.02;100;63.48;2.93;38.63
846;24/11/2024 1:34;0;0;22.94;86.96;21.68;100;71.78;5.74;47.43
847;24/11/2024 2:34;0;0;22.3;91.15;21.08;100;61.53;3.19;34.66
848;24/11/2024 3:35;0;0;22.07;92.38;20.97;100;71.72;5.15;48.51
849;24/11/2024 4:36;0;0;22.34;91.94;21.2;100;48.37;1.44;22.61
850;24/11/2024 5:36;0;0;22.48;93.14;21.3;100;70.66;5.14;48.59
851;24/11/2024 6:37;205.69;499.44;22.43;94.22;21.2;100;62.72;7.76;41.42
852;24/11/2024 7:37;1293.61;3047.5;23;90.54;21.82;100;62.57;3.89;40.08
853;24/11/2024 8:38;6149.03;13844.6;25.67;77.39;25.54;99.94;71.66;6.79;49.83
854;24/11/2024 9:39;10826.2;26750.6;27.53;67.91;27.2;84.21;67.76;11.05;49.9
855;24/11/2024 10:39;21625.1;44928.9;31.92;52.34;31.85;54.14;68.56;6.11;46.63
856;24/11/2024 11:40;49655.4;54612.5;36.01;40.81;36.1;40.21;64.8;7.96;41.88
857;24/11/2024 13:31;40274;48343.5;38.19;34.75;37.88;33.49;80.09;12.85;61.92
858;24/11/2024 14:32;10244.4;19703.8;33.31;45.59;32.49;46.39;81.84;12.04;66.01
859;24/11/2024 16:03;7012.92;14427.5;30.02;58.51;29.05;62.92;74.27;3.34;50.57
860;24/11/2024 17:04;1601.67;3013.33;27.56;67.59;26.63;78.06;76.06;2.43;53.5
861;24/11/2024 18:45;7.08;10.97;25.33;73.93;24.31;92.57;76.78;4.55;54.21
862;24/11/2024 19:45;0;0;24.27;79.73;23.43;99.7;57.59;1.19;30.78
863;24/11/2024 20:46;0;0;23.75;82.58;22.83;100;75.38;3.04;54.0
864;24/11/2024 21:47;0;0;23.64;85.71;22.52;100;79.66;7.98;64.45
865;24/11/2024 22:47;0;0;23.61;86.18;22.49;100;81.64;6.31;62.98
866;24/11/2024 23:48;0;0;23.45;85.71;22.3;100;71.75;2.01;49.39
867;25/11/2024 0:48;0;0;22.98;88.93;21.74;100;70.15;4.92;48.69
868;25/11/2024 1:49;0;0;22.7;89.66;21.61;100;59.7;2.63;34.23
869;25/11/2024 2:50;0;0;22.54;90.26;21.49;100;57.11;2.24;33.4
870;25/11/2024 3:50;0;0;22.35;92.48;21.26;100;74.65;4.96;55.64
871;25/11/2024 5:11;0;0;22.09;93.89;21.19;100;71.61;4.55;50.07
872;25/11/2024 6:42;796.25;1222.36;21.8;96.31;21.16;100;79.62;8.35;65.18
873;25/11/2024 7:43;3078.47;4678.06;23.64;85.41;23.35;100;73.79;6.38;54.44
874;25/11/2024 8:44;6757.64;8421.81;26.79;71.76;26.99;85.66;75.81;11.18;58.84
875;25/11/2024 9:44;12181.1;9877.36;32.88;50.09;32.98;49.76;62.58;3.27;39.76
876;25/11/2024 11:56;49816;51224;36.29;39.53;36.8;37.42;65.32;6.41;42.92
877;25/11/2024 12:56;30086.2;32097.4;35.58;41.19;35.43;39.83;73.33;12.39;54.92
878;25/11/2024 13:57;39180;40415.6;37.63;36.63;36.88;36.55;73.33;2.85;49.54
879;25/11/2024 14:58;42369.2;32692.5;41.7;27.97;39.96;29.7;78.4;5.42;58.49
880;25/11/2024 15:58;17643.9;9343.75;40.17;29.59;39.93;28.58;62.31;0.11;36.58
881;25/11/2024 16:59;3271.81;3650.28;32.6;45.26;33.26;43.05;82.33;4.09;63.38
882;25/11/2024 18:00;341.81;457.22;28.6;57.03;27.91;58.73;65.01;0.0;38.84
883;25/11/2024 19:00;0.14;0.14;27.06;62.96;26.49;66.38;77.26;1.11;53.61
884;25/11/2024 20:01;0;0;26.79;66.24;25.92;72.91;73.15;0.14;49.44
885;25/11/2024 21:02;0;0;26.27;67.56;25.31;77.51;71.86;0.0;48.55
886;25/11/2024 22:23;0;0;25.15;73.83;24.36;88.4;72.37;0.31;49.92
887;25/11/2024 23:23;0;0;23.82;85;23.04;100;63.67;0.0;36.36
888;26/11/2024 0:24;0;0;23.6;87.1;22.62;100;60.33;0.0;36.44
889;26/11/2024 1:24;0;0;23.83;85.39;22.77;100;79.96;5.59;62.26
890;26/11/2024 2:25;0;0;23.36;89.31;22.22;100;54.04;0.0;29.19
891;26/11/2024 3:26;0;0;22.96;91.78;21.8;100;64.0;1.43;42.5
892;26/11/2024 4:26;0;0;22.81;92.38;21.69;100;67.48;2.67;47.23
893;26/11/2024 5:27;0;0;22.62;94.48;21.53;100;65.54;0.0;43.23
894;26/11/2024 6:28;395;567.64;22.61;94.96;21.49;100;55.39;0.32;27.4
895;26/11/2024 7:28;2798.06;4131.94;24.05;84.34;23.35;100;60.49;0.26;37.74
896;26/11/2024 8:29;5933.06;7050.97;26.96;68.55;27.59;79.91;61.99;0.44;38.16
897;26/11/2024 9:30;9423.89;8492.92;31.28;55.31;31.57;55.85;69.19;2.89;47.11
898;26/11/2024 10:30;19719.7;28236.4;35.02;44.84;34.54;46.29;80.26;9.08;60.39
899;26/11/2024 12:32;54612.5;54612.5;37.8;36.08;37.63;35.63;81.12;7.91;63.54
900;26/11/2024 13:53;54612.5;54612.5;40.24;31.69;39.43;31.84;74.64;2.26;49.8
901;26/11/2024 14:53;33742.6;36967.1;39.9;33.13;38.73;33.83;75.86;1.51;51.53
902;26/11/2024 15:54;18211.9;20549;36.24;38.07;35.54;38.75;76.81;0.0;50.26
903;26/11/2024 16:54;4652.22;7924.3;31.7;49.79;30.55;52.92;67.11;0.0;37.56
904;26/11/2024 17:55;803.89;1455.42;27.37;60.02;25.81;68.68;84.79;0.31;62.34
905;26/11/2024 18:56;0;0.14;25.3;73.63;23.46;94.82;71.93;0.0;44.83
906;26/11/2024 19:56;0;0;24.17;82.63;22.44;100;76.36;0.0;49.78
907;26/11/2024 20:57;0;0;23.48;83.08;21.99;100;82.81;0.8;59.06
908;26/11/2024 21:58;0;0;22.9;88.2;21.46;100;57.81;0.0;29.13
909;26/11/2024 22:58;0;0;22.41;91.21;21.09;100;71.73;0.52;46.59
910;26/11/2024 23:59;0;0;22.35;91.98;21.17;100;64.03;0.0;36.97
911;27/11/2024 1:00;0;0;21.94;94.34;20.71;100;62.77;0.0;37.23
912;27/11/2024 2:00;0;0;21.99;94.55;20.77;100;78.99;1.51;57.3
913;27/11/2024 3:01;0;0;22.27;93.05;21.06;100;76.19;0.06;54.3
914;27/11/2024 4:01;0;0;22.25;93.51;20.97;100;66.47;0.06;44.46
915;27/11/2024 5:02;0;0;22.07;94.79;20.79;100;68.34;0.0;42.09
916;27/11/2024 6:03;30.14;59.86;21.96;95.32;20.75;100;58.32;0.0;35.75
917;27/11/2024 7:03;866.81;1675.69;22.47;92.91;21.33;100;74.26;2.12;57.21
918;27/11/2024 8:04;5273.33;9900;24.34;84.31;23.47;100;69.83;0.53;49.48
919;27/11/2024 9:45;11274.2;9335.69;31.06;54.74;30.8;59.6;61.59;1.06;37.99
920;27/11/2024 10:46;23056.5;35611.4;35.1;42.23;34.5;43.2;70.98;1.55;49.83
921;27/11/2024 11:46;41267.1;51462.6;35.65;42.87;35.06;43.16;64.03;0.77;39.9
922;27/11/2024 12:47;49270.7;51043.7;37.5;37.46;36.88;38.43;69.73;3.23;45.61
923;27/11/2024 14:18;54198.2;54612.5;40.28;31.29;38.66;33.59;61.48;0.0;31.39
924;27/11/2024 15:19;28624.9;32226.8;39.89;32.28;38.69;34.15;73.46;0.0;45.62
925;30/11/2024 9:08;7949.3;8701.25;27.63;66.42;28.02;76.21;67.16;10.6;43.92
926;30/11/2024 10:09;12613.5;10335.7;31.66;53.23;31.93;51.57;69.61;59.12;57.88
927;30/11/2024 11:09;33492.9;51701.9;35.57;41.72;35.77;39.71;78.03;64.05;71.46
928;30/11/2024 12:10;50163.3;54612.5;37.58;36.99;38.2;34.25;84.5;68.02;79.15
929;30/11/2024 13:11;54612.5;54612.5;38.94;30.92;38.09;31.32;74.62;59.13;61.4
930;30/11/2024 14:11;48701.8;54612.5;41.49;25.27;40.08;26.26;73.95;55.8;58.26
931;30/11/2024 15:12;22257.4;20363.9;40.4;27.28;38.61;29.07;72.68;55.27;60.75
932;30/11/2024 16:13;9732.78;11221;39.09;29.76;39.74;27.52;75.51;54.12;58.81
933;30/11/2024 17:13;3068.75;4848.19;33.71;40.61;32.63;41.01;77.51;56.01;63.04
934;30/11/2024 18:14;214.86;328.19;29.26;55.3;28.04;57.48;82.07;60.93;70.85
935;30/11/2024 19:15;0;0;27.24;64.59;26.73;70.25;75.16;53.14;62.36
936;30/11/2024 20:15;0;0;26.41;71.71;25.27;88.45;80.14;56.75;65.6
937;30/11/2024 21:16;0;0;25.6;74.57;24.72;94.57;83.39;59.14;72.46
938;30/11/2024 22:17;0;0;24.54;80.87;23.32;100;76.96;56.4;63.89
939;30/11/2024 23:17;0;0;23.88;84.34;22.69;100;61.56;37.59;38.07
940;1/12/2024 0:18;0;0;23.38;86.28;22.31;100;72.82;49.55;58.76
941;1/12/2024 1:18;0;0;22.92;88.94;21.79;100;63.6;38.52;39.8
942;1/12/2024 2:19;0;0;22.62;90.62;21.58;100;71.4;47.07;53.63
943;1/12/2024 3:20;0;0;22.88;88.66;21.94;100;77.15;52.82;62.79
944;1/12/2024 4:20;0;0;23.18;87.09;22.15;100;71.39;47.57;55.3
945;1/12/2024 5:21;0;0;22.75;91.85;21.56;100;67.33;42.37;49.67
946;1/12/2024 6:22;208.61;324.72;22.31;95.55;21.14;100;76.06;50.96;59.3
947;24/12/2024 10:52;6484.58;13491.7;25.29;81.18;23.63;100;0.03;0.34;28.55
948;24/12/2024 11:52;10246.5;21000.7;27.87;67.81;26.29;100;0.0;0.86;38.04
949;24/12/2024 12:53;16902.2;29448.6;30.24;57.57;29.14;75.92;0.52;5.98;51.54
950;24/12/2024 13:53;39622.6;51046.4;34.45;44.88;34.18;45.34;0.92;6.83;53.13
951;24/12/2024 14:54;16676.8;24133.3;34.84;43.54;33.55;45.84;3.92;13.08;68.58
952;24/12/2024 15:55;7562.92;11978.9;32.96;47.06;31.97;47.93;0.45;5.66;58.86
953;24/12/2024 16:55;2800.14;5198.06;29.41;60.76;28.04;77.51;2.51;6.43;59.69
954;24/12/2024 18:47;26.11;50;24.22;87.6;23.06;100;8.53;5.15;58.08
955;24/12/2024 19:47;0;0;23.04;93.5;22.21;100;8.5;5.69;41.95
956;24/12/2024 20:48;0;0;22.77;94.52;21.69;100;7.17;3.4;50.68
957;24/12/2024 21:48;0;0;22.55;94.94;21.39;100;3.81;2.91;53.05
958;24/12/2024 22:49;0;0;22.14;96.22;20.95;100;8.83;8.79;65.75
959;24/12/2024 23:50;0;0;21.91;96.11;20.67;100;4.4;5.62;59.02
960;25/12/2024 0:50;0;0;21.72;96.82;20.48;100;3.24;4.22;54.07
961;25/12/2024 1:51;0;0;21.8;96.11;20.55;100;4.29;5.29;49.74
962;25/12/2024 2:52;0;0;21.53;95.74;20.33;100;4.6;4.93;44.66
963;25/12/2024 3:52;0;0;21.6;94.66;20.4;100;1.6;3.33;46.9
964;25/12/2024 4:53;0;0;21.46;95.56;20.23;100;2.73;2.73;34.48
965;25/12/2024 5:53;0.28;0.69;21.56;94.9;20.37;100;3.64;6.11;49.53
966;25/12/2024 6:54;509.44;1031.67;21.8;94.3;20.67;100;8.43;13.11;68.74
967;25/12/2024 7:55;2095.14;3988.19;23.11;87.63;22.14;100;8.19;12.7;65.45
968;25/12/2024 8:55;5799.03;11749.4;26.39;72.21;26.25;95.21;5.49;14.01;64.35
969;25/12/2024 9:56;8884.44;14717.1;29.5;61.47;29.52;74.35;4.62;11.61;50.1
970;25/12/2024 10:57;18007.2;31909.9;33.45;49.59;33.81;49.31;7.65;17.7;54.65
971;25/12/2024 11:57;39948.7;54612.5;36.69;41.73;36.62;39.92;6.92;16.66;46.7
972;25/12/2024 12:58;47927.5;54612.5;38.31;35.75;38.77;33.67;4.79;13.97;40.19
973;25/12/2024 13:58;47311.2;54612.5;40.04;30.29;38.56;31.9;8.5;17.92;54.27
974;25/12/2024 14:59;24195;36771.1;40.97;28.9;39.85;29.61;10.0;15.83;55.88
975;25/12/2024 16:00;10945.8;12656.7;39.09;32.04;39.77;29.74;5.75;8.14;39.69
976;25/12/2024 17:00;1062.5;2007.22;29.16;63;25.86;81.44;6.01;4.39;36.81
977;25/12/2024 18:01;734.17;1465.97;24.71;85.58;22.19;100;4.13;0.0;19.45
978;25/12/2024 19:02;2.5;5.42;23.89;87.97;21.76;100;10.58;2.27;52.53
979;25/12/2024 20:02;0;0;23.56;89.94;21.64;100;5.13;0.0;37.4
980;25/12/2024 21:03;0;0;23.58;93.08;21.85;100;7.64;0.61;39.56
981;25/12/2024 22:03;0;0;23.48;94.18;21.83;100;9.57;0.0;43.52
982;25/12/2024 23:04;0;0;23.72;92.04;22.11;100;9.46;0.79;41.94
983;26/12/2024 0:05;0;0;23.45;88.81;21.74;100;12.22;1.51;49.61
984;26/12/2024 1:05;0;0;23.22;87.09;21.36;100;7.62;1.06;39.39
985;26/12/2024 2:06;0;0;22.8;91.94;21.13;100;7.24;0.0;33.59
986;26/12/2024 3:07;0;0;22.56;95.35;21.02;100;4.79;0.0;28.83
987;26/12/2024 4:07;0;0;22.52;96.38;21.04;100;5.55;0.0;31.59
988;26/12/2024 5:18;0;0;22.15;98.97;20.91;100;6.27;0.0;31.55
989;26/12/2024 6:19;35;69.31;22.07;100;21.04;100;13.23;0.69;50.78
990;26/12/2024 7:19;1054.03;2061.67;22.7;97.3;21.33;100;5.95;0.0;28.34
991;26/12/2024 8:20;2911.11;5958.61;23.88;89.15;22.27;100;5.85;0.0;30.37
992;26/12/2024 10:11;8260.69;16156.7;28.69;66.99;26.88;99.13;6.08;0.0;31.24
993;26/12/2024 11:12;20341.8;37263.1;31.19;57.97;30.72;74.19;8.02;1.07;35.19
994;26/12/2024 12:13;27509;39141.7;35.6;44.12;35.55;43.73;9.67;4.56;34.47
995;26/12/2024 13:13;34013.1;42855.6;35.97;43.14;35.38;43.44;11.26;3.84;40.42
996;26/12/2024 14:14;41292.5;52444;36.08;41.8;35.7;41.82;6.98;0.0;28.69
997;26/12/2024 15:45;11415.6;17012.2;34.21;43.11;32.88;44.64;10.04;0.0;24.47
998;26/12/2024 16:45;4190.83;8032.36;29.59;52.35;28.92;55.23;13.23;0.0;36.26
999;26/12/2024 17:46;719.58;1480.83;26.77;67.26;24.97;84.65;8.81;0.0;31.21
1000;26/12/2024 18:47;11.53;24.72;23.74;87.97;21.79;100;11.76;0.0;39.47
1001;26/12/2024 19:47;0;0;22.86;92.47;21.02;100;13.24;0.0;35.33
1002;26/12/2024 20:48;0;0;22.68;94.95;20.94;100;11.62;0.0;33.19
1003;26/12/2024 21:49;0;0;22.61;96.65;21.03;100;5.03;0.0;17.2
1004;26/12/2024 22:49;0;0;22.5;96.96;20.92;100;5.81;0.0;19.16
1005;26/12/2024 23:50;0;0;22.29;98.53;20.83;100;9.99;0.0;30.95
1006;27/12/2024 0:50;0;0;22.21;97.62;20.87;100;12.41;0.0;32.02
1007;27/12/2024 1:51;0;0;22.09;99.25;20.73;100;9.02;0.0;24.35
1008;27/12/2024 2:52;0;0;22.06;99.39;20.73;100;12.34;0.0;31.48
1009;27/12/2024 3:52;0;0;22.13;99.1;20.72;100;6.85;0.0;21.91
1010;27/12/2024 4:53;0;0;22.08;99.08;20.7;100;7.16;0.0;22.98
1011;27/12/2024 5:54;0.14;0.28;21.93;98.65;20.51;100;6.53;0.0;22.54
1012;27/12/2024 6:54;299.72;574.17;21.76;98.19;20.24;100;5.2;0.0;19.55
1013;27/12/2024 7:55;2652.08;4782.92;23.65;90.12;23.02;100;7.94;0.0;23.87
1014;27/12/2024 8:56;4476.81;8985.83;25.71;76.07;24.45;100;7.57;0.0;21.78
1015;27/12/2024 9:56;6591.94;13679.4;26.8;70.71;25.59;100;8.42;0.0;23.99
1016;27/12/2024 10:57;15541.4;29914.7;31.19;55.88;31.58;62.85;2.9;0.0;15.22
1017;27/12/2024 11:58;35593.8;48211.2;34.63;45.31;36.11;41.79;5.92;0.0;21.03
1018;27/12/2024 12:58;45900.1;54612.5;37.57;37.68;37.39;35.13;6.34;0.0;17.55
1019;27/12/2024 13:59;25235.6;38667.1;37.24;35.82;36.15;35.94;9.6;0.0;19.92
1020;27/12/2024 14:59;15028.2;24954.4;37.55;36.8;35.89;38.13;3.81;0.0;10.28
1021;27/12/2024 16:00;4256.39;6642.36;32.35;48.92;30.66;52.49;6.61;0.0;16.27
1022;27/12/2024 17:01;2210.56;4524.03;29.73;57.4;28.16;72.32;8.63;0.0;19.88
1023;27/12/2024 18:01;432.92;745.56;27.13;68.25;25.58;97.55;6.15;0.0;19.81
1024;27/12/2024 19:02;2.36;4.86;25.05;79.58;23.56;100;10.3;0.0;26.22
1025;27/12/2024 20:03;0;0;24.15;85.83;22.77;100;10.0;0.0;26.33
1026;27/12/2024 21:03;0;0;23.91;87.1;22.68;100;9.63;0.0;23.82
1027;27/12/2024 22:44;0;0;23.81;87.56;22.85;100;2.8;0.0;17.29
1028;27/12/2024 23:45;0;0;22.82;95.24;21.79;100;6.91;0.0;29.98
1029;28/12/2024 0:46;0;0;22.81;95.03;21.6;100;5.47;0.0;23.63
1030;28/12/2024 1:46;0;0;22.7;97.04;21.34;100;2.7;0.0;16.98
1031;28/12/2024 2:47;0;0;22.44;96.96;21.06;100;5.6;0.0;22.68
1032;28/12/2024 3:48;0;0;22.4;98.12;21.03;100;5.54;0.0;20.07
1033;28/12/2024 4:48;0;0;22.31;97.55;20.94;100;6.8;0.0;30.11
1034;28/12/2024 5:49;0;0;21.91;98.07;20.4;100;6.22;0.0;24.37
1035;28/12/2024 6:49;333.61;697.92;21.73;97.62;20.21;100;4.78;0.0;17.29
1036;28/12/2024 7:50;2011.67;4077.22;22.6;92.8;20.69;100;5.29;0.0;19.67
1037;28/12/2024 8:51;4325.83;8461.53;24.96;80.3;22.62;100;1.68;0.0;19.4
1038;28/12/2024 9:51;7565.69;13990.3;27.86;68.37;25.81;100;3.99;0.0;24.03
1039;28/12/2024 10:52;11145.8;18869.2;31.63;52.81;30.19;68.86;5.76;0.0;27.77
1040;28/12/2024 11:53;24673.5;41700.6;32.81;49.3;32.85;49.88;4.96;0.0;18.86
1041;28/12/2024 12:53;36144.7;50974.2;35.45;43.62;36.3;39.88;6.67;0.0;28.31
1042;28/12/2024 13:54;27277.6;40828.8;35.15;43.97;34.22;44.91;5.27;0.0;19.8
1043;28/12/2024 14:54;21375.3;34542.9;37.11;38.77;36.13;39.61;2.91;0.0;21.2
1044;28/12/2024 16:16;2024.03;4139.17;26.89;70.22;25.2;97.54;3.67;0.0;21.71
1045;28/12/2024 17:27;115.42;233.61;22.86;87.17;21.24;100;3.4;0.0;26.3
1046;28/12/2024 18:27;37.36;78.75;21.29;98.6;19.87;100;2.65;0.0;19.92
1047;28/12/2024 19:28;0;0;21.2;99.34;19.66;100;0.6;0.0;22.95
1048;28/12/2024 20:28;0;0;21.33;99.55;19.79;100;1.4;0.0;18.8
1049;28/12/2024 21:29;0;0;21.34;99.63;19.8;100;3.16;0.0;31.27
1050;28/12/2024 22:30;0;0;21.42;100;19.96;100;6.43;0.0;38.6
1051;28/12/2024 23:30;0;0;21.52;99.98;20.01;100;5.58;0.0;36.12
1052;29/12/2024 0:31;0;0;21.53;100;20.06;100;4.33;0.0;32.41
1053;29/12/2024 1:32;0;0;21.66;99.97;20.2;100;0.34;0.0;25.74
1054;29/12/2024 2:32;0;0;21.62;99.74;20.1;100;4.57;0.0;35.44
1055;29/12/2024 3:33;0;0;21.58;99.61;20;100;1.82;0.0;36.34
1056;29/12/2024 4:33;0;0;21.18;100;19.84;100;0.2;0.0;26.5
1057;29/12/2024 5:34;0;0;20.99;99.77;19.55;100;2.4;0.0;32.13
1058;29/12/2024 6:35;15.56;32.64;20.64;99.69;19.13;100;5.08;0.0;52.91
1059;29/12/2024 7:35;458.33;925.42;20.83;99.89;19.32;100;2.44;0.0;38.46
1060;29/12/2024 8:36;2342.64;4754.03;21.87;95.01;19.88;100;2.16;0.0;35.22
1061;29/12/2024 9:37;6680;13897.5;24.63;81.28;21.6;100;0.9;0.0;43.24
1062;29/12/2024 10:37;8670.97;18422.1;26.14;72.09;22.76;100;0.22;0.0;32.62
1063;29/12/2024 11:38;13809.9;28485.7;28.66;64.25;25.06;100;1.26;0.0;45.84
1064;29/12/2024 12:38;22677.2;39102.1;31.21;54.2;28.39;99.61;3.77;0.0;36.97
1065;29/12/2024 13:39;33618.3;43130.7;34.19;45.08;34;58.31;5.05;0.0;53.26
1066;29/12/2024 14:40;9633.06;17547.2;31.19;51.65;29.94;55.39;2.98;0.0;53.42
1067;29/12/2024 15:40;13280.7;13012.4;34.93;42.83;34.77;42.01;6.76;0.0;65.71
1068;29/12/2024 16:41;6572.22;11296.5;31.41;50.93;32.88;46.45;0.87;0.0;38.62
1069;29/12/2024 17:42;2311.11;4625.97;28.91;60.62;27.57;69.65;3.21;0.0;55.58
1070;29/12/2024 18:42;49.31;102.5;25.42;76.65;23.89;98.68;2.28;0.0;45.76
1071;29/12/2024 19:53;0;0;23.3;88.96;22.25;100;2.32;0.0;57.34
1072;29/12/2024 20:54;0;0;22.62;92.14;21.92;100;0.69;0.0;44.11
1073;29/12/2024 21:54;0;0;22.42;92.36;21.43;100;6.07;0.0;57.16
1074;29/12/2024 22:55;0;0;22.35;94.05;21.23;100;5.57;0.0;50.18
1075;29/12/2024 23:56;0;0;22.3;93.27;21.22;100;2.79;0.0;50.31
1076;30/12/2024 0:56;0;0;22.01;93.5;21;100;0.72;0.0;40.98
1077;30/12/2024 1:57;0;0;21.89;92.86;20.86;100;0.6;0.0;41.98
1078;30/12/2024 2:58;0;0;21.61;94.99;20.49;100;3.18;0.0;51.45
1079;30/12/2024 3:58;0;0;21.36;96.66;20.2;100;2.28;0.0;50.68
1080;30/12/2024 4:59;0;0;20.85;99.6;19.67;100;1.94;0.0;48.12
1081;30/12/2024 5:59;0.42;0.97;20.93;97.94;19.84;100;3.8;0.0;57.79
1082;30/12/2024 7:00;373.47;792.36;21.47;96;20.35;100;2.91;0.0;40.14
1083;30/12/2024 8:01;2759.58;5720.14;23.31;86.91;22.63;100;3.09;0.0;41.05
1084;30/12/2024 9:12;5966.53;12593.6;26.59;71.6;26.6;97.56;1.72;0.0;46.5
1085;30/12/2024 10:12;10939.3;21816.7;29.64;59.82;30.67;60.65;1.8;0.0;40.05
1086;30/12/2024 11:13;8367.08;17291;30.13;57.68;29.88;60.25;5.29;0.0;45.94
1087;30/12/2024 12:13;20021.7;38170.7;32.55;51.1;33.32;48.43;10.81;0.0;64.41
1088;30/12/2024 13:14;31936.8;51123.6;36.31;41.04;37.37;36.14;4.85;0.0;47.02
1089;30/12/2024 14:15;16640.6;30142.5;34.86;44.05;33.77;43.66;7.19;0.0;57.64
1090;30/12/2024 15:15;7397.08;13958.9;31.49;54.56;30.5;58.59;4.73;0.0;52.16
1091;30/12/2024 16:16;6665.97;11737.2;31.53;53.42;31.27;54.23;9.47;0.0;67.43
1092;30/12/2024 17:17;2482.78;4780.42;29.35;61.32;28.17;71.49;4.08;0.0;42.32
1093;30/12/2024 18:17;150.56;323.89;24.7;80.86;22.01;97.3;4.4;0.0;54.0
1094;29/01/2025 17:42;1668.19;3263.47;31.98;47.35;30.91;47.25;0.0;0.0;0.0
1095;29/01/2025 18:43;145.56;293.89;28.85;56.6;28.02;65.29;0.0;0.0;0.0
1096;29/01/2025 19:43;0;0;27.62;61.65;26.65;86.37;0.0;0.0;0.0
1097;29/01/2025 20:44;0;0;26.92;63.96;25.95;96.35;0.0;0.0;0.0
1098;29/01/2025 21:45;0;0;26.22;66.03;25.2;99.83;0.0;0.0;0.0
1099;29/01/2025 22:45;0;0;25.06;74.15;23.92;100;0.0;0.0;0.0
1100;29/01/2025 23:46;0;0;23.79;82.57;22.51;100;0.0;0.0;0.0
1101;30/01/2025 0:46;0;0;23.41;83.29;22.28;100;0.0;0.0;0.0
1102;30/01/2025 1:47;0;0;22.9;86.89;21.72;100;0.0;0.0;0.0
1103;30/01/2025 2:48;0;0;22.41;89.68;21.3;100;0.0;0.0;0.0
1104;30/01/2025 3:48;0;0;22.2;90.05;21.03;100;0.0;0.0;0.0
1105;30/01/2025 4:49;0;0;21.88;90.94;20.7;100;0.0;0.0;0.0
1106;30/01/2025 5:50;0;0;21.53;92.1;20.25;100;0.0;0.0;0.0
1107;30/01/2025 6:50;191.67;411.11;21.45;91.95;20.44;100;0.0;0.0;0.0
1108;30/01/2025 7:51;1186.94;2164.72;22.53;86.59;21.74;100;0.0;0.0;0.0
1109;30/01/2025 8:52;4956.25;8371.11;27.15;68.68;27.42;88.95;0.0;0.0;0.0
1110;30/01/2025 9:52;6259.58;7560.83;32.48;49.23;32.16;52.03;0.0;0.56;0.0
1111;30/01/2025 10:53;12619.3;31054;36.93;38.46;35.35;39.91;0.0;2.23;0.0
1112;30/01/2025 12:04;19310.4;32962.8;33.96;44.18;33.07;44.86;0.0;0.0;0.0
1113;30/01/2025 13:04;49195.8;54612.5;39.31;31.15;39.77;28.04;0.0;0.53;0.0
1114;30/01/2025 14:05;36469.2;43901.2;41.2;25.4;39.74;25.03;0.0;0.0;0.0
1115;30/01/2025 15:06;25622.8;44700.1;41.78;24.59;39.44;25.32;0.0;0.0;0.0
1116;30/01/2025 16:06;12158.9;14986.9;43.4;22.99;40.85;23.73;0.0;0.0;0.0
1117;30/01/2025 17:07;3983.47;7658.06;37.2;32.2;36.51;29.99;0.0;0.0;0.0
1118;30/01/2025 18:07;965;2024.58;32.56;44.13;31.18;44.61;0.0;0.0;0.0
1119;7/02/2025 11:17;16754.3;50301.5;35.61;41.42;34.79;40.85;0.0;0.0;0.0
1120;7/02/2025 12:18;41672.4;54612.5;38.19;35.3;37.43;33.86;0.0;1.57;0.0
1121;7/02/2025 14:09;52417.2;54612.5;42.17;25.98;40.51;24.48;0.0;0.0;0.0
1122;7/02/2025 15:10;21341.2;37992.4;40.12;30.01;38.38;29.84;0.0;0.0;0.0
1123;7/02/2025 16:10;6649.03;12812.5;35.78;38.12;34.5;36.39;0.0;0.0;0.0
1124;7/02/2025 17:11;2432.22;5218.47;31.97;46.79;30.66;46.29;0.0;0.0;0.0
1125;7/02/2025 18:12;497.64;1065.28;28.88;55.9;28.03;61.36;0.0;0.0;0.0
1126;7/02/2025 19:12;1.25;2.78;27.6;61.11;26.97;78.42;0.0;0.0;0.0
1127;7/02/2025 20:13;0;0;26.67;64.86;25.81;94.96;0.0;0.0;0.0
1128;7/02/2025 21:14;0;0;25.56;74.61;24.24;99.91;0.0;0.0;0.0
1129;7/02/2025 22:14;0;0;24.33;83.53;22.85;100;0.0;0.0;0.0
1130;7/02/2025 23:35;0;0;23.26;92.07;21.97;100;0.0;0.0;0.0
1131;8/02/2025 0:36;0;0;22.84;95.91;21.88;100;0.0;0.0;0.0
1132;8/02/2025 2:17;0;0;22.65;95.45;21.81;100;0.0;0.0;0.0
1133;8/02/2025 3:18;0;0;22.63;95.8;21.59;100;0.0;0.0;0.0
1134;8/02/2025 4:18;0;0;22.27;99.46;20.77;100;0.0;0.0;0.0
1135;8/02/2025 5:19;0;0;22.29;99.77;20.86;100;0.0;0.0;0.0
1136;8/02/2025 6:20;2.22;5;22.01;97.22;20.47;100;0.0;0.0;0.0
1137;8/02/2025 7:31;533.33;1184.03;21.47;96.83;20.21;100;0.0;0.0;0.0
1138;8/02/2025 8:31;1194.44;2645.69;22.07;92.88;20.84;100;0.0;0.0;0.0
1139;8/02/2025 9:32;3848.89;8181.25;23.73;85.73;22.16;100;0.0;0.0;0.0
1140;8/02/2025 10:32;6130;13433.2;25.67;76.06;23.76;100;0.0;0.0;0.0
1141;8/02/2025 11:33;17656.2;39705.8;30.02;59.06;28.94;86.5;0.0;0.0;0.0
1142;8/02/2025 13:14;32960.1;44767.8;33.67;45.49;32.97;44.59;0.0;0.0;0.0
1143;8/02/2025 14:15;37638.2;46906.9;35.29;42.01;34.23;42.58;0.0;0.0;0.0
1144;8/02/2025 15:15;25824.3;44616.2;38.39;35.18;35.74;36.29;0.0;0.0;0.0
1145;8/02/2025 16:16;3695.83;7720.69;30.61;51.64;29.27;54.16;0.0;0.0;0.0
1146;8/02/2025 17:17;2187.22;4763.89;28.67;58.58;27.32;78.85;0.0;0.0;0.0
1147;8/02/2025 18:17;385.14;841.67;26.65;68.27;25.38;100;0.0;0.0;0.0
1148;8/02/2025 19:18;0.28;0.69;25.28;70.93;24.17;100;0.0;0.0;0.0
1149;8/02/2025 20:19;0;0;23.85;79.62;22.24;100;0.0;0.0;0.0
1150;8/02/2025 21:19;0;0;22.67;84.8;21.21;100;0.0;0.0;0.0
1151;8/02/2025 22:20;0;0;22.41;88.71;21.01;100;0.0;0.0;0.0
1152;8/02/2025 23:21;0;0;22.24;92.68;20.98;100;0.0;0.0;0.0
1153;9/02/2025 0:21;0;0;22.12;93.7;20.91;100;0.0;0.0;0.0
1154;9/02/2025 1:22;0;0;21.91;94.37;20.73;100;0.0;0.0;0.0
1155;9/02/2025 3:53;0;0;21.52;96.76;20.75;100;0.0;0.0;0.0
1156;9/02/2025 4:54;0;0;21.28;98.11;20.54;100;0.0;0.0;0.0
1157;9/02/2025 6:05;0;0.28;21.53;94.95;20.71;100;0.0;0.0;0.0
1158;9/02/2025 7:06;584.72;1250.69;21.62;94.02;20.95;100;0.0;0.0;0.0
1159;9/02/2025 8:06;2982.92;6382.64;23.24;86.11;22.71;100;0.0;0.0;0.0
1160;9/02/2025 9:07;4525.28;9974.03;25.44;74.15;24.83;100;0.0;0.0;0.0
1161;9/02/2025 10:08;8978.06;16266.9;29.6;58.49;29.89;68.41;0.0;0.0;0.0
1162;9/02/2025 11:29;13299.7;41424.4;33.89;44;33.14;43.31;0.0;0.0;0.0
1163;9/02/2025 12:29;36111.1;54612.5;35.47;40.14;35.75;35.71;0.0;1.09;0.0
1164;9/02/2025 13:30;36282.2;50110.4;37.76;35.26;37.15;32.9;0.0;0.71;0.0
1165;9/02/2025 14:41;26837.5;46423.5;38.36;33.6;36.91;33.16;0.0;0.0;0.0
1166;9/02/2025 15:41;12224.3;24348.6;37.22;36.2;35.53;36.26;0.0;0.0;0.0
1167;9/02/2025 16:42;667.5;1462.64;26.91;65.91;23.97;92.85;0.0;0.0;0.0
1168;9/02/2025 17:43;390.56;808.06;23.48;84.71;21.2;100;0.0;0.0;0.0
1169;9/02/2025 19:34;0;0;22.4;93.04;21.25;100;0.0;0.0;0.0
1170;9/02/2025 21:25;0;0;22.06;95.78;21.07;100;0.0;0.0;0.0
1171;9/02/2025 22:26;0;0;21.63;96.97;20.77;100;0.0;0.0;0.0
1172;9/02/2025 23:27;0;0;21.85;94.46;20.67;100;0.0;0.0;0.0
1173;10/02/2025 0:48;0;0;20.98;98.6;19.95;100;0.0;0.0;0.0
1174;10/02/2025 1:48;0;0;20.98;98.07;20.23;100;0.0;0.0;0.0
1175;10/02/2025 2:49;0;0;20.66;98.15;19.44;100;0.0;0.0;0.0
1176;10/02/2025 4:10;0;0;20.62;97.06;19.76;100;0.0;0.0;0.0
1177;10/02/2025 5:10;0;0;20.58;98.14;19.73;100;0.0;0.0;0.0
1178;10/02/2025 6:11;1.25;3.19;20.68;95.69;19.63;100;0.0;0.0;0.0
1179;10/02/2025 7:42;1212.08;2592.64;21.37;89.77;20.46;100;0.0;0.0;0.0
1180;10/02/2025 8:43;4230;8917.92;23.82;78.48;23.32;100;0.0;0.0;0.0
1181;10/02/2025 10:14;6870.14;11572.6;31.41;54.17;30.34;68.74;0.0;0.0;0.0
1182;10/02/2025 11:14;16313.5;47870.7;33.12;48.48;32.82;48.52;0.0;0.0;0.0
1183;10/02/2025 12:15;34588.9;53568.2;36.16;41.43;35.6;39.55;0.0;0.34;0.0
1184;10/02/2025 13:16;46582.5;47511.5;36.8;38.14;36.4;34.85;0.0;0.0;0.0
1185;10/02/2025 14:16;51414.3;54612.5;41.02;28.58;38.64;28.83;0.0;0.0;0.0
1186;10/02/2025 15:17;29487.6;51618.8;42.48;26.09;38.8;28.03;0.0;0.0;0.0
1187;10/02/2025 16:18;10386.7;12304.7;40.18;27.02;37.33;29.04;0.0;0.0;0.0
1188;10/02/2025 18:39;95.28;213.61;27.63;61.85;26.91;85.33;0.0;0.0;0.0
1189;10/02/2025 19:40;0;0;26.57;67.15;25.87;99.12;0.0;0.0;0.0
1190;10/02/2025 21:31;0;0;26.01;70.17;25.23;100;0.0;0.0;0.0
1191;10/02/2025 22:32;0;0;25.44;72.19;24.85;100;0.0;0.0;0.0
1192;10/02/2025 23:32;0;0;25.15;75.23;24.17;100;0.0;0.0;0.0
1193;11/02/2025 0:33;0;0;24.69;76.15;23.67;100;0.0;0.0;0.0
1194;11/02/2025 1:34;0;0;24.38;80.65;23.28;100;0.0;0.0;0.0
1195;11/02/2025 2:34;0;0;24.03;82.18;22.97;100;0.0;0.0;0.0
1196;11/02/2025 4:36;0;0;21.91;91.83;20.61;100;0.0;0.0;0.0
1197;11/02/2025 5:36;0;0;20.54;98.79;19.28;100;0.0;0.0;0.0
1198;11/02/2025 6:37;12.5;27.22;20.81;99.83;19.46;100;0.0;0.0;0.0
1199;11/02/2025 7:38;169.72;372.92;21.23;99.22;19.78;100;0.0;0.0;0.0
1200;11/02/2025 8:38;619.03;1332.92;21.55;96.4;19.83;100;0.0;0.0;0.0
1201;11/02/2025 9:39;1348.19;2909.31;21.8;93.5;20.01;100;0.0;0.0;0.0
1202;11/02/2025 11:30;4505.14;9836.11;23.49;85.67;21.29;100;0.0;0.0;0.0
1203;11/02/2025 12:31;4171.94;9259.17;23.64;83.84;21.79;100;0.0;0.0;0.0
1204;11/02/2025 13:31;5993.06;13370.4;24.78;77.54;23.18;100;0.0;0.0;0.0
1205;11/02/2025 15:12;3739.86;8105.14;25.3;74.63;23.72;100;0.0;0.0;0.0
1206;11/02/2025 16:13;2763.89;5908.06;24.55;77.82;23.35;100;0.0;0.0;0.0
1207;11/02/2025 17:14;1780.28;3839.17;24.06;79.91;22.81;100;0.0;0.0;0.0
1208;11/02/2025 18:14;529.86;1122.64;23.15;85.85;21.74;100;0.0;0.0;0.0
1209;11/02/2025 19:15;2.5;5.28;22.17;93.18;21.02;100;0.0;0.0;0.0
1210;11/02/2025 20:16;0;0;22.08;95.11;21;100;0.0;0.0;0.0
1211;11/02/2025 21:16;0;0;21.92;96.56;20.79;100;0.0;0.0;0.0
1212;11/02/2025 22:17;0;0;21.74;96.43;20.72;100;0.0;0.0;0.0
1213;11/02/2025 23:17;0;0;21.68;97.38;20.57;100;0.0;0.0;0.0
1214;12/02/2025 0:18;0;0;21.55;97.93;20.44;100;0.0;0.0;0.0
1215;12/02/2025 1:49;0;0;20.91;99.97;20.06;100;0.0;0.0;0.0
1216;12/02/2025 2:50;0;0;20.57;100;19.84;100;0.0;0.0;0.0
1217;12/02/2025 3:50;0;0;20.65;100;19.61;100;0.0;0.0;0.0
1218;12/02/2025 4:51;0;0;20.72;100;19.6;100;0.0;0.0;0.0
1219;12/02/2025 5:52;0;0;20.83;100;19.68;100;0.0;0.0;0.0
1220;12/02/2025 7:03;645.28;1366.39;21.1;99.73;20.27;100;0.0;0.2;0.0
1221;12/02/2025 8:54;3856.25;8397.78;24.02;82.97;23.63;100;0.0;0.52;0.0
1222;12/02/2025 9:54;7863.33;17332.4;27.15;68.11;27.48;92.22;0.0;0.74;0.0
1223;12/02/2025 10:55;14351;34736.9;32.4;49.77;32.69;46.56;0.0;1.32;0.0
1224;12/02/2025 11:56;18163.1;41825.8;34.01;45.72;33.58;43.91;0.0;0.0;0.0
1225;12/02/2025 12:56;29629;52583.3;35.74;40.32;36.1;35.72;0.0;0.45;0.0
1226;12/02/2025 13:57;35246.9;52196.4;37.36;34.3;36.71;31.04;0.0;0.12;0.0
1227;12/02/2025 14:58;13607.5;28141.2;36.11;36.35;34.63;33.88;0.0;0.32;0.0
1228;12/02/2025 15:58;17554.4;29769.7;40.85;29.13;38.19;28.71;0.0;0.0;0.0
1229;12/02/2025 16:59;6609.72;11974.2;36.59;37.38;34.49;37.59;0.0;0.0;0.0
1230;12/02/2025 17:59;1304.58;2435.56;29.96;54.66;28.59;66.33;0.0;0.0;0.0
1231;12/02/2025 19:00;37.92;78.19;27.24;63.2;26.21;92.46;0.0;0.0;0.0
1232;12/02/2025 20:01;0;0;26.28;68.49;25.29;100;0.0;0.0;0.0
1233;12/02/2025 21:01;0;0;25.61;70.86;24.73;100;0.0;0.0;0.0
1234;12/02/2025 22:02;0;0;24.97;72.83;23.98;100;0.0;0.0;0.0
1235;12/02/2025 23:03;0;0;24.46;76.7;23.43;100;0.0;0.0;0.0
1236;13/02/2025 0:03;0;0;24.19;79.73;23.17;100;0.0;0.0;0.0
1237;13/02/2025 1:04;0;0;23.78;82.85;22.65;100;0.0;0.0;0.0
1238;13/02/2025 2:04;0;0;23.43;84.96;22.37;100;0.0;0.0;0.0
1239;13/02/2025 3:05;0;0;23.11;88.19;22.05;100;0.0;0.0;0.0
1240;13/02/2025 4:06;0;0;22.87;91.1;21.81;100;0.0;0.0;0.0
1241;13/02/2025 5:06;0;0;22.55;93.14;21.49;100;0.0;0.0;0.0
1242;13/02/2025 6:07;0.14;0.42;22.56;93.31;21.51;100;0.0;0.0;0.0
1243;13/02/2025 7:08;311.11;670.42;22.7;93.88;21.73;100;0.0;0.0;0.0
1244;13/02/2025 8:08;503.89;1070.97;22.89;91.01;21.69;100;0.0;0.0;0.0
1245;13/02/2025 9:29;4458.89;9101.11;24.19;87.3;22.92;100;0.0;0.0;0.0
1246;13/02/2025 10:30;10860.8;24344.7;30.8;59.15;30.03;81.59;0.0;0.0;0.0
1247;13/02/2025 11:30;17122.9;42001;33.02;52.46;32.81;56.41;0.0;0.0;0.0
1248;13/02/2025 12:31;37127.5;48891.4;35.6;43.3;35.2;41.32;0.0;0.58;0.0
1249;13/02/2025 13:32;54612.5;54612.5;35.16;40.5;34.35;39.04;0.0;0.36;0.0
1250;13/02/2025 14:32;37680.6;51408.8;37.01;36.09;35.51;35.4;0.0;0.0;0.0
1251;13/02/2025 15:33;14796.2;27350.4;35.76;41.19;33;44.94;0.0;0.0;0.0
1252;13/02/2025 17:24;1685.97;3530.42;27.62;63.36;26.56;94.01;0.0;0.0;0.0
1253;13/02/2025 18:25;136.39;275.56;25.41;70.28;24.57;100;0.0;0.0;0.0
1254;13/02/2025 19:25;0;0;22.66;92.73;20.62;100;0.0;0.0;0.0
1255;13/02/2025 20:26;0;0;21.7;94.08;19.79;100;0.0;0.0;0.0
1256;13/02/2025 21:27;0;0;21.35;96.89;19.62;100;0.0;0.0;0.0
1257;13/02/2025 22:27;0;0;21.11;99.16;19.52;100;0.0;0.0;0.0
1258;13/02/2025 23:28;0;0;20.93;99.83;19.38;100;0.0;0.0;0.0
1259;14/02/2025 0:29;0;0;20.7;99.95;19.25;100;0.0;0.0;0.0
1260;14/02/2025 1:29;0;0;20.62;100;19.22;100;0.0;0.0;0.0
1261;14/02/2025 2:30;0;0;20.7;100;19.32;100;0.0;0.0;0.0
1262;14/02/2025 3:30;0;0;20.76;100;19.32;100;0.0;0.0;0.0
1263;14/02/2025 4:31;0;0;20.81;100;19.38;100;0.0;0.0;0.0
1264;14/02/2025 5:32;0;0;20.62;100;19.23;100;0.0;0.0;0.0
1265;14/02/2025 6:32;49.86;113.06;20.52;100;19.17;100;0.0;0.0;0.0
1266;14/02/2025 7:33;1208.89;2667.64;21.42;98.22;19.79;100;0.0;0.0;0.0
1267;14/02/2025 8:34;5362.5;11016;24.95;80.49;21.73;100;0.0;0.0;0.0
1268;14/02/2025 9:34;5864.86;10727.9;28.1;64.36;23.38;100;0.0;0.0;0.0
1269;14/02/2025 10:35;8670.42;21799.6;30.98;55.02;26.45;100;0.0;0.0;0.0
1270;14/02/2025 11:36;22355.8;48942.4;33.69;47.8;33.98;46.03;0.0;0.0;0.0
1271;14/02/2025 12:36;23779.4;31721;34.28;45.75;34.08;42.07;0.0;0.58;0.0
1272;14/02/2025 13:37;23786.2;38201.2;33.2;46.06;32.74;42.91;0.0;0.0;0.0
1273;14/02/2025 14:38;43273.2;53690;39.22;33.59;37.3;31.51;0.0;0.0;0.0
1274;14/02/2025 16:09;11425.8;19032.2;36.74;37.39;34.1;38.28;12.16;33.92;14.8
1275;14/02/2025 17:09;2703.33;4461.25;30.58;51.92;29.06;54.7;22.41;66.19;38.77
1276;14/02/2025 18:10;682.36;1338.89;27.37;63.31;26.26;80.35;18.56;66.13;41.55
1277;14/02/2025 19:11;9.72;19.44;25.32;73.94;24.28;100;17.15;67.91;41.7
1278;14/02/2025 20:11;0;0;24.35;77.3;23.48;100;12.94;60.09;33.24
1279;14/02/2025 21:12;0;0;24.06;80.03;23.14;100;12.93;69.86;39.49
1280;14/02/2025 22:12;0;0;23.93;82.62;22.96;100;9.21;55.96;32.19
1281;14/02/2025 23:13;0;0;23.74;83.2;22.79;100;10.04;63.26;33.36
1282;15/02/2025 1:04;0;0;22.66;90.23;21.82;100;3.59;43.87;21.21
1283;15/02/2025 2:05;0;0;21.84;96.29;21.13;100;9.15;72.43;39.34
1284;15/02/2025 3:06;0;0;22.03;95.06;21.19;100;4.77;52.64;27.59
1285;15/02/2025 4:06;0;0;22.05;91.63;21.08;100;2.25;54.4;27.22
1286;15/02/2025 5:07;0;0;21.77;91.72;20.73;100;3.07;58.48;29.56
1287;15/02/2025 6:07;0.28;0.69;21.82;91.47;20.88;100;2.34;59.29;29.86
1288;15/02/2025 7:08;370.28;787.22;22.29;89.93;21.29;100;2.82;60.18;32.05
1289;15/02/2025 8:09;1815.69;3892.64;23.4;86.15;22.6;100;5.74;79.17;42.43
1290;15/02/2025 9:09;4591.81;10304.3;25.03;78.13;23.71;100;1.6;58.9;31.77
1291;15/02/2025 10:10;4663.33;10327.1;25.31;75.18;23.41;100;1.66;46.94;26.11
1292;15/02/2025 11:11;8308.75;18315.1;26.85;72.13;25.02;100;2.52;56.43;29.87
1293;15/02/2025 12:11;13345.6;29447.5;29.52;59.15;28.01;83.9;4.47;67.08;37.78
1294;15/02/2025 13:12;16960;35532.9;31.8;49.31;31.73;48.34;4.7;59.43;35.59
1295;15/02/2025 14:12;39419;48872.4;35.7;41.09;35.13;37.57;2.72;49.66;26.56
1296;15/02/2025 15:13;25417.4;47732.6;38.82;33.36;35.97;35.01;2.91;51.08;25.65
1297;15/02/2025 16:14;9010.56;13270.8;35.71;39.6;33.35;40.69;5.01;61.42;31.72
1298;15/02/2025 17:14;1210.97;2273.89;28.5;63.01;26.5;91.5;3.24;64.91;32.76
1299;15/02/2025 18:15;281.94;643.61;24.78;81.36;22.28;100;2.8;58.18;30.94
1300;15/02/2025 19:16;2.22;4.72;23.33;90.33;21.64;100;3.06;67.44;34.46
1301;15/02/2025 20:16;0;0;22.82;91.37;21.35;100;0.0;38.73;18.56
1302;15/02/2025 21:17;0;0;22.46;93.33;21.08;100;0.0;38.34;19.28
1303;15/02/2025 23:28;0;0;21.71;97.26;20.76;100;0.2;47.75;23.02
1304;16/02/2025 0:29;0;0;21.61;99.92;20.72;100;0.13;54.24;24.93
1305;16/02/2025 1:30;0;0;21.9;99.39;20.78;100;0.92;54.94;25.91
1306;16/02/2025 2:30;0;0;21.79;97.33;20.51;100;0.31;50.7;23.06
1307;16/02/2025 3:31;0;0;21.61;98.7;20.38;100;0.0;53.61;24.27
1308;16/02/2025 4:32;0;0;21.51;99.67;20.27;100;0.35;53.22;24.45
1309;16/02/2025 5:32;0;0;21.5;98.93;20.3;100;0.62;50.15;21.21
1310;16/02/2025 6:33;56.11;116.53;21.32;97.53;20.07;100;0.52;62.26;27.63
1311;16/02/2025 7:33;775.69;1604.31;21.68;94.25;20.46;100;0.0;37.08;16.06
1312;16/02/2025 8:34;3832.5;7857.5;23.88;81.32;23.01;100;0.0;54.95;24.17
1313;16/02/2025 9:35;5440.83;9766.67;27.8;64.18;26.71;96.64;0.67;55.81;28.5
1314;16/02/2025 10:35;10986;24370.4;31.22;52.34;30.51;57.51;0.39;65.73;33.32
1315;16/02/2025 11:36;22324;44737.9;33.71;47.55;33.7;45.57;1.53;60.37;32.8
1316;16/02/2025 12:37;36223.5;47975.1;35.96;41.42;36.02;35.54;0.18;60.34;31.71
1317;16/02/2025 13:58;23255.3;31602.9;37.35;36.65;36.96;32.57;0.15;45.07;23.54
1318;16/02/2025 14:58;25969.6;37568.3;37.08;36.53;35.2;36.07;3.0;61.72;31.19
1319;16/02/2025 15:59;16291.2;30441.5;36.82;39.12;34.5;38.49;1.69;63.22;28.98
1320;16/02/2025 17:00;5177.36;8511.53;31.89;51.54;29.33;70.41;0.0;47.58;21.97
1321;16/02/2025 18:00;293.61;643.19;25;77.02;22.94;100;0.18;43.96;17.6
1322;17/02/2025 18:45;336.53;697.08;27.36;61.45;25.91;90.78;0.0;56.1;18.98
1323;17/02/2025 19:45;0;0;25.48;67.45;24.37;99.23;0.0;43.12;13.09
1324;17/02/2025 20:46;0;0;24.77;69.47;23.81;100;0.0;45.16;14.38
1325;17/02/2025 21:47;0;0;24.31;75.22;23.23;100;0.01;44.21;14.24
1326;17/02/2025 22:47;0;0;23.53;82.15;22.41;100;0.19;48.8;14.69
1327;17/02/2025 23:48;0;0;23.19;84.81;22.14;100;0.06;40.26;12.45
1328;18/02/2025 0:49;0;0;22.32;90.09;21.29;100;0.0;24.49;5.48
1329;18/02/2025 1:49;0;0;21.99;92.14;20.71;100;0.0;38.62;8.73
1330;18/02/2025 2:50;0;0;21.62;97.62;20.07;100;0.0;32.57;8.17
1331;18/02/2025 3:51;0;0;21.51;99.79;20.18;100;0.0;40.8;9.39
1332;18/02/2025 4:51;0;0;21.51;99.98;20.24;100;0.49;54.68;17.84
1333;18/02/2025 5:52;0;0;21.41;99.94;20.17;100;0.0;46.97;12.64
1334;18/02/2025 6:52;290.28;619.03;21.57;99.94;20.42;100;0.58;44.68;11.67
1335;18/02/2025 7:53;2604.72;5712.92;23.47;90.03;22.07;100;0.48;34.89;9.74
1336;18/02/2025 8:54;4559.58;9399.31;25.61;78.58;24.27;100;0.47;32.14;9.19
1337;18/02/2025 9:54;7085.7;13306.9;30.34;58.57;29.06;80.26;1.06;39.4;10.76
1338;18/02/2025 10:55;13074.7;39094.2;33.93;48.29;32.95;47.07;0.0;33.96;4.33
1339;18/02/2025 11:56;22446.7;43303.9;34.66;44.04;34.59;39.4;0.0;32.56;1.39
1340;18/02/2025 13:37;50794.3;54612.5;37.56;38.26;37.36;32.36;0.31;35.38;2.62
1341;18/02/2025 14:37;32413.9;47424.2;38.38;33.51;36.75;29.64;0.0;33.76;0.0
1342;18/02/2025 15:38;18616;36174.6;41.08;29.41;38.6;27.35;0.0;19.17;0.0
1343;18/02/2025 16:39;8535.56;13614.3;35.61;41.78;32.73;44.18;0.03;26.37;0.03
1344;18/02/2025 17:39;1518.33;3279.31;28.57;59.97;27.22;83.83;0.12;22.52;2.44
1345;18/02/2025 18:40;57.92;123.19;26.46;67.04;25.21;100;0.02;18.4;1.71
1346;18/02/2025 19:41;0;0;24.21;75.6;22.93;100;0.08;14.48;3.17
1347;18/02/2025 20:41;0;0;23.25;80.3;22.36;100;0.0;19.59;3.86
1348;18/02/2025 22:13;0;0;22.75;87.21;22;100;0.33;13.02;4.0
1349;18/02/2025 23:13;0;0;22.55;89.61;21.95;100;0.0;14.16;2.4
1350;19/02/2025 0:14;0;0;22.84;87.23;21.94;100;0.0;14.89;5.28
1351;19/02/2025 1:14;0;0;22.54;92.55;21.42;100;0.0;15.56;3.33
1352;19/02/2025 2:15;0;0;22.02;96.44;21.23;100;0.0;11.68;2.8
1353;19/02/2025 3:16;0;0;21.7;99.5;21.09;100;0.0;14.59;4.56
1354;19/02/2025 4:16;0;0;21.66;99.48;20.65;100;0.6;14.66;5.89
1355;19/02/2025 5:17;0;0;21.61;100;20.54;100;0.6;18.99;6.79
1356;19/02/2025 6:18;5.42;12.5;21.75;99.95;20.65;100;0.63;18.8;8.91
1357;19/02/2025 7:18;582.5;1306.94;22.19;96.47;21.14;100;1.19;26.31;13.97
1358;19/02/2025 8:19;3386.67;6655.42;24.08;85.6;23.76;100;0.0;18.12;7.9
1359;19/02/2025 9:20;5853.33;10848.3;27.29;70.69;27.5;89.69;0.15;20.44;9.33
1360;19/02/2025 10:20;6586.94;13662.8;30.33;57.36;29.78;71.67;0.0;21.1;7.95
1361;19/02/2025 11:21;16035.7;48158.9;35.34;44;35.22;38.13;0.07;25.47;5.15
1362;19/02/2025 12:22;44440;54612.5;37.35;39.22;36.45;35.3;0.0;8.23;0.0
1363;19/02/2025 13:22;54612.5;54612.5;38.79;35.9;38.35;29.78;0.0;6.16;0.0
1364;19/02/2025 14:23;50005.8;54612.5;40.87;30.12;38.77;27.83;0.06;9.69;0.0
1365;19/02/2025 15:24;26534.3;50039.6;41.89;27.6;37.65;29.33;0.0;4.26;0.0
1366;19/02/2025 16:24;10068.2;12797.8;40.75;29.83;37.03;30.88;0.0;3.68;0.0
1367;19/02/2025 17:25;3863.06;4902.64;38.12;33.97;35.24;33.38;0.0;8.62;0.0
1368;19/02/2025 18:25;478.61;927.78;30.29;51.06;28.8;53.62;0.0;6.35;0.0
1369;19/02/2025 19:57;0;0;26.4;67.32;25.77;98.35;0.64;8.55;0.0
1370;19/02/2025 21:07;0;0;25.65;70.68;25.31;100;1.25;6.38;0.0
1371;19/02/2025 22:08;0;0;25.28;72.35;24.75;100;0.0;2.87;0.0
1372;19/02/2025 23:09;0;0;24.65;79.5;23.71;100;0.0;1.69;0.0
1373;20/02/2025 0:09;0;0;24.66;77.92;23.35;100;0.0;0.27;0.0
1374;20/02/2025 1:10;0;0;23.61;85.14;22.14;100;0.0;2.47;0.0
1375;20/02/2025 2:11;0;0;23.49;86.24;22.12;100;0.0;1.67;0.0
1376;20/02/2025 3:11;0;0;22.76;91.96;21.49;100;0.43;4.47;0.0
1377;20/02/2025 4:12;0;0;22.06;95.43;20.52;100;0.0;3.04;0.0
1378;20/02/2025 5:12;0;0;21.4;94.48;19.67;100;0.45;7.82;0.0
1379;20/02/2025 6:33;74.17;163.75;20.75;99.26;19.52;100;0.0;2.43;0.0
1380;20/02/2025 7:34;1060.56;2255;21.14;99;20.06;100;0.31;5.65;0.48
1381;20/02/2025 8:35;4428.33;8991.25;24.35;83.78;22.79;100;0.0;1.44;0.0
1382;20/02/2025 9:35;6942.78;13410.3;28.5;64.89;26.44;99.66;0.01;7.27;0.0
1383;20/02/2025 10:36;11505;27861.8;32.17;51.78;31.22;56.55;0.06;2.9;0.0
1384;20/02/2025 11:47;23825.1;54612.5;34.37;45.18;34.4;40.49;0.0;0.71;0.0
1385;20/02/2025 12:47;46200;54612.5;35.52;40.9;35.82;35.04;0.0;0.0;0.0
1386;20/02/2025 13:48;53678.7;54612.5;38.44;35.73;37.72;30.31;0.0;0.0;0.0
1387;20/02/2025 14:49;39875;54612.5;41.02;29.69;37.96;28.95;0.3;0.0;0.0
1388;20/02/2025 15:49;15854.2;34558.9;40.97;31.21;37.51;31.08;0.61;0.0;0.0
1389;20/02/2025 16:50;4579.31;9345;34.24;45.14;32.44;43.21;0.0;0.0;0.0
1390;20/02/2025 17:51;1351.11;3020.28;29.06;56.91;27.91;70.29;0.0;0.85;0.0
1391;20/02/2025 20:12;0;0;25.23;74.82;24.64;100;0.0;0.0;0.0
1392;20/02/2025 22:55;0;0;23.14;93.16;22.48;100;0.0;0.0;0.0
1393;20/02/2025 23:55;0;0;23.27;91.73;22.73;100;0.0;0.63;0.0
1394;21/02/2025 0:56;0;0;23.4;91.33;22.47;100;0.0;0.0;0.0
1395;21/02/2025 1:57;0;0;23.32;92.1;22.32;100;0.0;0.0;0.0
1396;21/02/2025 2:57;0;0;23.33;91.49;22.34;100;0.0;0.51;0.0
1397;21/02/2025 3:58;0;0;23.02;92.88;21.92;100;0.0;0.14;0.0
1398;21/02/2025 4:58;0;0;22.8;94.37;21.81;100;0.26;1.25;0.0
1399;21/02/2025 5:59;0;0;22.43;93.94;21.44;100;0.06;1.43;0.0
1400;21/02/2025 7:00;54.86;119.58;21.94;97.83;20.76;100;0.1;1.5;0.0
1401;21/02/2025 8:00;835.97;1819.31;22.37;98.27;20.92;100;0.0;0.0;0.0
1402;21/02/2025 9:01;3269.86;7144.17;23.85;90.05;22.18;100;0.0;0.0;0.0
1403;21/02/2025 10:02;4556.39;10242.8;25.96;79.24;23.99;100;0.0;0.44;0.0
1404;21/02/2025 11:02;6041.53;13597.5;26.99;75.65;25.65;100;0.23;2.63;0.0
1405;21/02/2025 12:03;23716.5;38650.7;30.84;60.67;30.44;79.44;0.18;1.12;0.0
1406;21/02/2025 13:03;41048.6;50033.1;34.59;48.09;34.44;42.27;0.06;0.69;0.0
1407;21/02/2025 14:04;27719.3;37210;35.18;45.63;34.24;42.22;0.33;0.44;0.0
1408;21/02/2025 15:05;23989.9;37487.4;37.24;39.61;36.18;36.87;0.13;0.0;0.0
1409;21/02/2025 16:05;10549;20439.2;34.84;45.99;33.25;43.3;0.0;0.32;0.0
1410;21/02/2025 17:06;5828.06;9870.28;35.16;46.39;33.89;43.46;0.0;1.03;0.0
1411;21/02/2025 18:07;1381.53;3024.44;30;57.8;28.49;75.3;0.0;0.04;0.0
1412;21/02/2025 19:07;11.67;23.33;27.41;69.29;26.31;100;0.09;2.93;0.0
1413;21/02/2025 20:08;0;0;25.95;76.74;25.02;100;0.0;0.0;0.0
1414;21/02/2025 21:08;0;0;24.97;82.48;24.09;100;0.0;1.53;0.0
1415;21/02/2025 22:09;0;0;24.89;85.68;23.78;100;0.0;0.0;0.0
1416;21/02/2025 23:10;0;0;24.31;88.96;23.04;100;0.66;2.25;0.0
1417;22/02/2025 0:10;0;0;23.83;90.24;22.68;100;0.0;0.0;0.0
1418;22/02/2025 1:11;0;0;23.67;90.92;22.62;100;0.59;0.67;0.0
1419;22/02/2025 2:12;0;0;23.24;95.28;22.46;100;0.0;0.0;0.0
1420;22/02/2025 3:33;0;0;22.62;95.69;21.82;100;1.09;2.15;0.0
1421;22/02/2025 4:33;0;0;21.97;96.14;21.04;100;1.18;2.25;0.0
1422;22/02/2025 5:34;0;0;21.67;97.96;20.56;100;0.0;0.15;0.0
1423;22/02/2025 6:35;51.39;117.22;21.42;100;20.51;100;4.19;9.04;0.0
1424;22/02/2025 7:46;926.67;1944.31;22.07;99.6;21.43;100;1.32;2.71;0.0
1425;22/02/2025 8:46;2983.06;6714.44;24.25;88.76;23.81;100;0.93;0.28;0.0
1426;22/02/2025 9:47;5413.06;11973.9;26.57;76.25;25.96;100;0.9;1.76;0.0
1427;22/02/2025 10:48;4334.31;9644.44;27.77;71.89;27.06;100;0.21;0.18;0.0
1428;22/02/2025 11:48;5811.39;12832.6;27.07;76.49;25.12;100;0.35;1.14;0.0
1429;22/02/2025 12:49;11303.6;24216.5;29.02;67.89;27.45;100;1.07;1.8;0.0
1430;22/02/2025 13:50;46365.4;50657.1;35.45;47.21;34.79;48.61;0.04;0.0;0.0
1431;22/02/2025 14:50;44571.1;54612.5;39.31;37.33;36.65;36.76;1.07;0.79;0.0
1432;22/02/2025 15:51;10670.8;19280;35.36;43.97;33.29;43.98;1.1;2.75;0.0
1433;22/02/2025 16:51;3423.61;6513.33;31.59;54.61;29.26;74.9;0.12;0.0;0.0
1434;22/02/2025 17:52;1027.78;2194.31;27.24;73.18;25.51;100;1.5;5.56;0.0
1435;22/02/2025 18:53;57.78;129.58;25.2;82.97;24.19;100;0.0;0.05;0.0
1436;22/02/2025 19:54;0;0;24.16;84.96;23.39;100;1.58;5.8;0.0
1437;22/02/2025 21:35;0;0;22.94;89.96;22.13;100;0.06;0.0;0.0
1438;22/02/2025 22:35;0;0;22.57;90.27;22;100;0.29;0.34;0.0
1439;22/02/2025 23:36;0;0;22.57;88.57;21.79;100;1.43;3.74;0.0
1440;23/02/2025 0:37;0;0;22.64;88.65;21.67;100;0.93;0.0;0.0
1441;23/02/2025 1:37;0;0;22.5;88.24;21.53;100;0.12;1.49;0.0
1442;23/02/2025 2:38;0;0;22.45;88.06;21.49;100;1.77;1.45;0.0
1443;23/02/2025 3:39;0;0;22.31;90.34;21.3;100;0.47;0.38;0.0
1444;23/02/2025 4:39;0;0;22.11;93.62;21.11;100;0.64;0.0;0.0
1445;23/02/2025 5:40;0;0;22.1;94.29;21.06;100;0.92;1.29;0.0
1446;23/02/2025 6:40;84.44;188.33;22.01;96.35;21.04;100;0.0;1.52;0.0
1447;23/02/2025 8:01;1760.83;3816.94;23.25;91.9;22.78;100;0.4;0.0;0.0
1448;23/02/2025 9:02;4055.56;9030.56;25.5;81.62;25.41;100;2.35;2.73;0.0
1449;23/02/2025 10:03;9115;19778.1;29.72;63.3;29.97;77.81;0.7;0.42;0.0
1450;23/02/2025 11:03;14238.2;39437.9;34.19;48.81;34.16;45.1;0.79;1.4;0.0
1451;23/02/2025 12:04;32436.8;52508.8;36.45;44.06;37.01;37.54;2.6;1.86;0.0
1452;23/02/2025 13:05;45188.6;54612.5;37.98;40.48;37.66;34.57;2.36;1.37;0.0
1453;23/02/2025 14:05;22176.8;38835.3;38.07;38.4;37.58;32.3;1.13;1.23;0.0
1454;23/02/2025 15:06;20813.1;41146.7;37.98;39.32;36.07;37.98;1.66;0.2;0.0
1455;23/02/2025 16:06;3108.61;7000;30.44;54.57;28.77;63.15;0.49;0.0;0.0
1456;23/02/2025 17:07;601.81;1307.92;24.7;72.66;23.49;100;0.59;0.24;0.0
1457;23/02/2025 18:08;551.39;1238.47;24.16;77.34;23.04;100;0.33;0.0;0.0
1458;23/02/2025 19:08;7.08;15.97;24.03;78.92;23.01;100;3.66;2.02;0.0
1459;23/02/2025 20:09;0;0;23.6;84.97;22.42;100;3.37;1.97;0.0
1460;23/02/2025 21:10;0;0;23.03;88.43;21.92;100;2.91;1.16;0.0
1461;23/02/2025 22:10;0;0;22.56;91.19;21.52;100;0.72;0.0;0.0
1462;23/02/2025 23:11;0;0;22.69;91.84;21.75;100;0.0;0.0;0.0
1463;24/02/2025 0:12;0;0;22.71;91.63;21.74;100;2.16;0.0;0.0
1464;24/02/2025 2:03;0;0;22.41;94.98;21.62;100;1.1;1.27;0.0
1465;24/02/2025 4:14;0;0;21.82;100;21.19;100;1.66;1.36;0.0
1466;24/02/2025 5:45;0;0;21.74;100;21.13;100;1.38;1.95;0.0
1467;24/02/2025 7:06;395.97;851.67;21.99;99.43;21.53;100;3.0;4.89;0.0
1468;24/02/2025 8:07;1735.69;3589.44;23.27;92.88;22.98;100;0.0;0.0;0.0
1469;24/02/2025 9:08;4969.72;10426.4;26.63;76.8;26.79;100;0.88;0.17;0.0
1470;24/02/2025 10:08;6075.28;13324.2;29.58;62.68;28.61;96.8;0.05;0.0;0.0
1471;24/02/2025 11:09;11534.4;35466.1;32.16;54.35;31.68;66.59;2.15;3.83;0.0
1472;24/02/2025 12:09;23644.2;40050.4;33.61;50.6;33.42;52.88;0.0;0.0;0.0
1473;24/02/2025 13:51;53930.7;54612.5;39.16;37.94;38.74;34.07;0.0;0.0;0.0
1474;24/02/2025 15:22;24175.1;49581.7;40.87;31.27;37.86;31.34;1.66;0.76;0.0
1475;24/02/2025 16:22;11417.8;16195.7;40.24;32.59;37.38;32.49;0.0;0.0;0.0
1476;24/02/2025 17:23;5147.92;9416.11;37.91;37.13;34.73;38.27;0.01;0.0;0.0
1477;24/02/2025 18:23;159.44;337.64;26.76;76.64;23.32;92.85;0.65;0.15;0.0
1478;24/02/2025 19:24;0;0;24.18;93.41;22.11;100;0.06;0.0;0.0
1479;24/02/2025 20:25;0;0;23.44;96.69;21.64;100;0.82;0.23;0.0
1480;24/02/2025 21:25;0;0;23.48;97.42;21.82;100;0.0;0.0;0.0
1481;24/02/2025 22:26;0;0;23.5;98.82;21.97;100;0.17;0.0;0.0
1482;24/02/2025 23:47;0;0;23.07;96.3;21.43;100;0.65;0.0;0.0
1483;25/02/2025 0:48;0;0;22.62;99.55;21.36;100;0.5;0.0;0.0
1484;25/02/2025 1:48;0;0;22.51;99.46;21.19;100;1.23;0.84;0.0
1485;25/02/2025 2:49;0;0;22.54;97.93;20.99;100;0.74;0.0;0.0
1486;25/02/2025 3:50;0;0;22.52;99.02;20.94;100;1.42;0.0;0.0
1487;25/02/2025 4:50;0;0;22.49;99.86;21.05;100;2.13;0.77;0.0
1488;25/02/2025 5:51;0;0;22.37;100;20.96;100;2.15;2.74;0.0
1489;25/02/2025 7:22;396.81;855.14;22.34;99.56;20.93;100;0.9599999;0.0;0.0
1490;25/02/2025 8:23;1985.97;4603.61;23.15;95.68;21.66;100;0.88;0.0;0.0
1491;25/02/2025 10:24;8567.78;20388.6;29.34;65.65;26;100;1.97;2.07;0.0
1492;25/02/2025 11:25;13653.8;40649.4;33.05;52.78;32.39;58.93;1.47;2.32;0.0
1493;25/02/2025 12:25;25220.7;41183.3;35.09;46.72;35.36;40.71;2.13;3.3;0.0
1494;25/02/2025 13:26;39795.7;44067.6;36.94;42.21;36.09;40.08;0.7;1.17;0.0
1495;25/02/2025 14:27;33029.9;41980.1;38.35;42.27;36.66;38.78;0.57;0.06;0.0
1496;25/02/2025 15:27;25120.1;49280.3;42.11;32.39;39.33;31.61;0.0;0.0;0.0
1497;25/02/2025 16:28;3163.19;6836.53;30.34;64.95;26.24;90.69;0.82;0.49;0.0
1498;25/02/2025 17:29;411.53;936.53;24.23;87.03;22.05;100;0.0;0.0;0.0
1499;25/02/2025 19:00;2.5;6.11;22.68;97.22;21.08;100;1.51;0.0;0.0
1500;25/02/2025 20:00;0;0;22.26;100;21.01;100;0.0;0.0;0.0
1501;25/02/2025 21:01;0;0;22.35;100;20.88;100;0.75;0.0;0.0
1502;25/02/2025 22:32;0;0;21.93;100;20.67;100;1.34;0.12;0.0
1503;25/02/2025 23:33;0;0;21.65;100;20.55;100;1.5;0.42;0.0
1504;26/02/2025 0:33;0;0;22.06;100;20.76;100;0.28;0.0;0.0
1505;26/02/2025 1:34;0;0;22.21;100;20.75;100;0.0;0.0;0.0
1506;26/02/2025 2:35;0;0;22.07;100;20.71;100;0.5;0.0;0.0
1507;26/02/2025 3:35;0;0;21.82;100;20.44;100;0.0;0.0;0.0
1508;26/02/2025 4:36;0;0;21.78;100;20.41;100;2.07;2.51;0.0
1509;26/02/2025 5:36;0;0;21.77;100;20.43;100;0.43;0.0;0.0
1510;26/02/2025 6:37;53.89;123.75;22.01;100;20.67;100;1.82;1.36;0.0
1511;26/02/2025 7:38;833.75;1941.67;22.65;99.59;21.02;100;0.45;0.0;0.0
1512;26/02/2025 8:38;2383.47;5381.8;23.99;91.37;21.65;100;1.15;1.01;0.0
1513;26/02/2025 9:39;6223.06;12773.9;28.55;70.27;24.16;100;1.61;1.36;0.0
1514;26/02/2025 10:40;9668.19;33113.1;30.82;62.83;26.41;100;0.57;0.0;0.0
1515;26/02/2025 11:40;18279.6;49316.1;35.23;47.73;33.59;55.7;0.95;0.63;0.0
1516;26/02/2025 12:41;45346.7;48095.1;36.09;45.5;35.59;41.99;0.0;0.0;0.0
1517;26/02/2025 13:42;51796;54612.5;38.69;40.52;37.89;35.73;0.41;1.16;0.0
1518;26/02/2025 14:42;40616.8;54612.5;40;36.43;37.37;36.7;0.0;0.78;0.0
1519;26/02/2025 15:43;17047.1;33948.9;39.22;36.34;36.17;36.69;0.9;0.9700001;0.0
1520;26/02/2025 16:43;7021.94;13793.6;35.9;42.99;33.53;43.72;0.0;0.0;0.0
1521;26/02/2025 17:44;1987.64;3689.31;30.62;57.22;27.93;81.45;0.06;0.0;0.0
1522;26/02/2025 18:45;160.42;335.42;25.82;71.78;24.45;99.63;0.0;0.0;0.0
1523;26/02/2025 20:16;0;0;24.08;84.52;23.22;100;0.6;0.0;0.0
1524;26/02/2025 21:16;0;0;24;89.61;23.35;100;0.0;0.0;0.0
1525;26/02/2025 22:17;0;0;23.61;92.72;22.43;100;0.34;0.0;0.0
1526;26/02/2025 23:18;0;0;23.24;95.11;22.08;100;0.12;0.0;0.0
1527;27/02/2025 1:09;0;0;22.72;95.77;21.93;100;2.18;0.0;0.0
1528;27/02/2025 2:09;0;0;22.57;98.05;21.87;100;1.05;0.0;0.0
1529;27/02/2025 3:10;0;0;22.64;98.67;21.49;100;0.08;0.0;0.0
1530;27/02/2025 4:11;0;0;22.36;100;20.95;100;0.83;0.0;0.0
1531;27/02/2025 5:11;0;0;22.11;100;20.78;100;2.38;0.72;0.0
1532;27/02/2025 6:12;1.81;4.44;21.91;100;20.62;100;2.83;0.73;0.0
1533;27/02/2025 7:13;323.47;722.36;22.12;100;20.91;100;0.85;0.0;0.0
1534;27/02/2025 8:13;1897.92;4097.78;23.45;97.09;21.87;100;0.28;0.0;0.0
1535;27/02/2025 9:14;4113.61;9176.94;25.65;83.29;23.88;100;2.3;0.91;0.0
1536;27/02/2025 10:15;8749.17;20051.2;28.75;71.57;27.98;95.51;1.85;1.2;0.0
1537;27/02/2025 11:15;14175.8;42495.1;33.55;53.45;32.9;55.63;2.54;1.06;0.0
1538;27/02/2025 12:16;29295.1;48209.3;35.63;48.74;35.83;42.11;0.55;0.0;0.0
1539;27/02/2025 13:17;48016.9;54612.5;37;43.72;36.96;38.11;0.57;0.0;0.0
1540;27/02/2025 14:17;38125.1;48812.9;38.79;39.34;37.68;35.75;0.47;0.32;0.0
1541;27/02/2025 16:39;4529.03;7201.8;35.98;43.31;33.43;46.14;0.0;0.0;0.0
1542;27/02/2025 17:39;938.61;2047.5;28.02;62.91;27.17;81.55;1.41;1.28;0.0
1543;27/02/2025 18:40;173.89;391.11;25.79;75.48;24.57;100;0.0;0.0;0.0
1544;27/02/2025 19:41;0;0;24.38;85.84;22.85;100;1.4;0.0;0.0
1545;27/02/2025 20:41;0;0;23.7;91.75;22.42;100;0.71;0.0;0.0
1546;27/02/2025 21:42;0;0;23.39;93.8;22.18;100;1.21;0.0;0.0
1547;27/02/2025 22:43;0;0;22.98;96.89;21.92;100;1.31;0.0;0.0
1548;27/02/2025 23:43;0;0;23.11;95.61;22.05;100;0.43;0.0;0.0
1549;28/02/2025 1:04;0;0;22.82;95.21;21.92;100;0.0;0.0;0.0
1550;28/02/2025 2:05;0;0;22.53;95.42;21.84;100;2.46;0.1;0.0
1551;28/02/2025 3:05;0;0;22.49;99.51;21.48;100;1.25;0.31;0.0
1552;28/02/2025 4:06;0;0;22.41;100;21.36;100;1.05;0.71;0.0
1553;28/02/2025 5:07;0;0;22.42;100;21.33;100;0.0;0.0;0.0
1554;28/02/2025 6:07;0.83;1.94;22.31;100;21.27;100;1.25;1.0;0.0
1555;28/02/2025 7:08;474.58;1030.56;22.66;98.89;21.62;100;1.0;1.17;0.0
1556;28/02/2025 8:09;2051.11;4458.33;23.91;92.45;23.06;100;0.0;0.0;0.0
1557;28/02/2025 10:29;8689.44;20282.6;31.63;57.13;31.73;58.97;0.72;0.56;0.0
1558;28/02/2025 11:30;15361.4;40706.5;32.43;54.13;32.92;54.88;0.06;0.0;0.0
1559;28/02/2025 12:31;45036.7;54612.5;37.81;40.79;37.71;33.18;0.0;0.9599999;0.0
1560;28/02/2025 13:31;49647.8;52572.8;38.95;37.84;38.42;31.73;0.0;1.42;0.0
1561;28/02/2025 14:32;45133.7;54612.5;41.7;30.76;39.5;28.5;0.0;1.1;0.0
1562;28/02/2025 15:32;22122.9;45990.1;42.69;28.61;39.21;28.32;0.0;0.03;0.0
1563;28/02/2025 16:33;4818.47;7640.7;36.54;41.44;33.7;40.29;0.0;0.2;0.0
1564;28/02/2025 17:34;2383.61;4283.19;32.02;47.78;30.3;46.99;0.0;0.0;0.0
1565;28/02/2025 18:34;278.61;587.08;28.34;58.38;27.54;70.28;0.0;0.0;0.0
1566;28/02/2025 21:16;0;0;24.75;80.7;24.21;100;0.0;0.0;0.0
1567;28/02/2025 22:58;0;0;24.1;84.96;23.51;100;0.0;0.0;0.0
1568;28/02/2025 23:58;0;0;23.67;90.47;22.78;100;0.0;0.0;0.0
1569;1/03/2025 0:59;0;0;22.9;89.46;21.68;100;0.0;0.0;0.0
1570;1/03/2025 2:00;0;0;22.24;95.01;20.91;100;0.0;0.0;0.0
1571;1/03/2025 3:20;0;0;21.71;98.97;20.34;100;0.8;0.0;0.0
1572;1/03/2025 4:21;0;0;21.42;100;20.37;100;0.0;0.0;0.0
1573;1/03/2025 5:22;0;0;21.65;99.74;20.39;100;0.26;0.0;0.0
1574;1/03/2025 6:22;20.97;44.17;21.56;99.47;20.24;100;0.0;0.0;0.0
1575;1/03/2025 7:23;1219.86;2657.5;21.98;98.28;20.69;100;0.0;0.0;0.0
1576;1/03/2025 8:24;4374.72;9495.83;24.83;83.98;23.41;100;0.0;0.0;0.0
1577;1/03/2025 9:55;9234.17;17176.5;30.14;59.39;28.71;89.6;0.0;0.0;0.0
1578;1/03/2025 10:55;12681.4;45955.3;32.55;51.76;32.27;52.75;0.02;0.32;0.0
1579;1/03/2025 12:16;33454;50508.3;36.34;43.31;36.28;36.76;0.0;0.0;0.0
1580;1/03/2025 13:17;54443.5;54612.5;37.26;40.76;36.84;33.44;0.0;1.03;0.0
1581;1/03/2025 14:18;48175.8;54612.5;40.01;34;37.85;29.93;0.0;0.0;0.0
1582;1/03/2025 15:18;26776.8;51689;41.4;30.34;37.56;29.29;0.0;0.0;0.0
1583;1/03/2025 16:19;8768.33;14977.5;39.7;33.89;36.04;32.98;0.0;0.0;0.0
1584;1/03/2025 17:19;2657.64;4656.39;32.66;46.78;31.12;44.21;0.18;0.0;0.0
1585;1/03/2025 18:20;1145.69;2298.61;30.39;53.2;29.14;59.68;0.0;0.0;0.0
1586;1/03/2025 19:21;0.14;0.28;24.66;79.41;22.36;98.39;0.45;0.0;0.0
1587;1/03/2025 20:21;0;0;22.65;93.35;20.8;100;0.2;0.0;0.0
1588;1/03/2025 21:22;0;0;22.7;95.25;21.16;100;0.0;0.0;0.0
1589;1/03/2025 22:23;0;0;22.62;98.07;21.24;100;0.0;0.0;0.0
1590;1/03/2025 23:23;0;0;22.64;97.9;21.32;100;0.0;0.0;0.0
1591;2/03/2025 0:24;0;0;22.57;97.92;21.3;100;0.23;0.0;0.0
1592;2/03/2025 1:24;0;0;22.25;100;21.03;100;0.04;0.0;0.0
1593;2/03/2025 2:25;0;0;21.95;100;20.84;100;0.0;0.0;0.0
1594;2/03/2025 3:26;0;0;21.84;100;20.67;100;0.0;0.0;0.0
1595;2/03/2025 4:26;0;0;22.02;100;20.89;100;0.0;0.0;0.0
1596;2/03/2025 5:27;0;0;22.35;100;21.18;100;0.0;0.0;0.0
1597;2/03/2025 6:28;21.11;47.92;22.32;100;21.11;100;0.1;0.0;0.0
1598;2/03/2025 7:28;695.56;1596.67;22.73;99.73;21.53;100;0.0;0.0;0.0
1599;2/03/2025 8:29;2476.39;5662.92;24.18;90.2;22.72;100;0.78;0.0;0.0
1600;2/03/2025 9:29;2350.56;5296.39;24.56;88.37;22.96;100;0.66;0.0;0.0
1601;2/03/2025 10:30;4300.69;9736.39;25.21;87.27;23.28;100;0.0;0.0;0.0
1602;2/03/2025 11:31;6938.47;15925.3;27.2;78.13;25.92;100;0.4;0.01;0.0
1603;2/03/2025 12:31;14976;32075;29.38;65.96;28.64;97.28;1.07;0.0;0.0
1604;2/03/2025 13:32;23310.4;42725.3;33.5;54.09;32.75;62.44;0.48;0.0;0.0
1605;2/03/2025 15:13;7876.11;16977.8;31.52;59.05;30.76;73.95;0.0;0.0;0.0
1606;2/03/2025 16:14;6767.08;14107.1;32.07;57.37;31.59;60.05;0.0;0.0;0.0
1607;2/03/2025 18:05;305.14;693.33;27.2;72.33;26.23;100;0.0;0.0;0.0
1608;2/03/2025 19:06;10;22.36;24.72;77.47;23.99;100;1.75;1.8;0.0
1609;2/03/2025 20:06;0;0;23.83;83.14;22.9;100;0.68;0.59;0.0
1610;2/03/2025 21:07;0;0;23.61;88.1;22.63;100;0.0;0.0;0.0
1611;2/03/2025 22:07;0;0;23.21;92.04;22.07;100;0.03;0.0;0.0
1612;3/03/2025 0:29;0;0;21.88;100;21.22;100;0.67;0.98;0.0
1613;3/03/2025 2:00;0;0;21.31;100;20.61;100;0.33;0.75;0.0
1614;3/03/2025 3:31;0;0;21.08;100;20.42;100;0.32;0.53;0.0
1615;3/03/2025 4:32;0;0;21.27;100;20.61;100;0.3;0.02;0.0
1616;3/03/2025 6:33;51.81;121.11;21.54;100;20.9;100;0.04;0.0;0.0
1617;3/03/2025 7:34;1269.86;2812.36;22.28;99.9;21.7;100;0.15;0.0;0.0
1618;3/03/2025 8:35;3489.03;7314.72;24.54;87.87;23.97;100;0.15;0.66;0.0
1619;3/03/2025 9:35;6602.08;15136.7;28.61;67.72;28.49;99.9;1.08;1.5;0.0
1620;3/03/2025 10:36;6464.58;14906.5;29.24;63.34;29.02;87.37;0.0;0.0;0.0
1621;3/03/2025 11:36;9821.25;22375;30.41;58.11;30.4;64.4;0.26;1.5;0.0
1622;3/03/2025 12:37;27535;49631.7;34.84;45.67;35.15;38.91;0.83;1.77;0.0
1623;3/03/2025 13:38;52929.9;54612.5;38.39;38.93;38.54;29.28;0.0;0.0;0.0
1624;3/03/2025 14:38;42227.8;54612.5;41.17;32.52;39.05;27.16;0.31;1.75;0.0
1625;3/03/2025 16:09;12717.8;21074.9;41.05;30.57;37.48;29.06;0.0;0.71;0.0
1626;3/03/2025 18:01;1635.69;3313.19;30.11;52.33;29.2;53.22;0.0;0.88;0.0
1627;3/03/2025 19:42;0;0;26.12;71.46;25.52;100;0.12;0.6;0.0
1628;3/03/2025 21:13;0;0;24.67;80.9;24.16;100;1.23;0.29;0.0
1629;3/03/2025 22:13;0;0;24.05;85.85;23.48;100;0.2;0.44;0.0
1630;3/03/2025 23:14;0;0;23.85;87.71;22.95;100;0.51;0.59;0.0
1631;4/03/2025 0:15;0;0;23.6;90.8;22.62;100;0.0;0.0;0.0
1632;4/03/2025 1:15;0;0;23.42;92.01;22.5;100;0.0;0.0;0.0
1633;4/03/2025 2:16;0;0;23.1;94.72;22.14;100;0.22;0.0;0.0
1634;4/03/2025 3:17;0;0;22.97;96.87;21.97;100;1.7;0.98;0.0
1635;4/03/2025 4:17;0;0;22.89;97.56;21.84;100;0.76;0.98;0.0
1636;4/03/2025 5:18;0;0;22.56;99.75;21.36;100;0.8;0.82;0.0
1637;4/03/2025 6:18;8.33;18.61;22.26;99.58;21.12;100;1.16;1.43;0.0
1638;4/03/2025 7:19;366.94;782.92;22.48;98.69;21.45;100;0.59;0.0;0.0
1639;4/03/2025 8:20;1914.03;4286.25;23.62;88.4;22.86;100;1.83;1.69;0.0
1640;4/03/2025 9:20;4073.47;9504.86;25.95;77.46;25.56;100;0.14;0.67;0.0
1641;4/03/2025 10:21;6730.28;18902.5;27.98;69.74;28.01;92.86;0.83;1.72;0.0
1642;4/03/2025 11:22;18849.7;54612.5;35.26;46.24;35.57;40.57;0.81;1.69;0.0
1643;4/03/2025 12:22;30589.3;50493.1;37.4;39.78;37.77;33.26;0.48;0.93;0.0
1644;4/03/2025 13:23;13294.7;26690.7;34.88;46.04;34.28;38.8;0.6;0.5;0.0
1645;4/03/2025 14:23;6967.36;14090;33.24;48.03;32.71;42.21;0.0;2.33;0.0
1646;4/03/2025 15:24;4568.47;10014.7;31.88;54.47;31.62;48.95;0.0;0.73;0.0
1647;4/03/2025 16:25;5600.56;11596.8;30.94;59.32;28.32;84.09;0.0;5.24;0.0
1648;4/03/2025 17:25;749.44;1670.42;27.41;69.94;25.62;100;0.0;0.0;0.0
1649;4/03/2025 18:26;43.33;96.81;24.86;76.73;23.18;100;0.12;0.2;0.0
1650;4/03/2025 19:27;0;0;22.7;90.44;21.03;100;0.43;0.61;0.0
1651;4/03/2025 20:27;0;0;22.13;97.13;20.59;100;0.43;1.4;0.0
1652;4/03/2025 21:28;0;0;22.19;99.3;20.88;100;0.88;1.36;0.0
1653;4/03/2025 22:28;0;0;21.73;99.94;20.57;100;0.11;0.0;0.0
1654;4/03/2025 23:29;0;0;21.61;99.67;20.55;100;0.54;1.16;0.0
1655;5/03/2025 0:30;0;0;21.59;99.98;20.47;100;0.59;4.2;0.0
1656;5/03/2025 1:30;0;0;21.63;100;20.52;100;0.0;0.0;0.0
1657;5/03/2025 2:31;0;0;21.66;100;20.52;100;0.58;3.0;0.0
1658;5/03/2025 3:32;0;0;21.64;100;20.58;100;0.0;0.0;0.0
1659;5/03/2025 4:43;0;0;21.43;100;20.55;100;0.6;4.28;0.0
1660;5/03/2025 6:14;1.53;3.89;20.91;100;19.99;100;0.33;1.68;0.0
1661;5/03/2025 7:14;235.14;533.89;21.02;100;20.13;100;0.39;2.28;0.0
1662;5/03/2025 8:25;2252.36;5123.47;22.34;99.58;21.04;100;0.59;3.35;0.0
1663;5/03/2025 10:16;9068.89;21810;28.62;68.75;27.38;97.32;0.0;0.09;0.0
1664;5/03/2025 11:17;11683.9;27716.8;31.07;59.18;30.1;89.38;1.09;3.04;0.0
1665;5/03/2025 12:18;13687.8;31057.4;32.5;56;32.03;64.38;0.63;4.14;0.0
1666;5/03/2025 13:18;5844.86;12912.8;28.82;61.42;27.8;92;1.75;6.5;0.0
1667;5/03/2025 14:19;42129.2;50173.1;35.48;45.74;34.69;45.6;0.49;3.79;0.0
1668;5/03/2025 15:19;27844.9;53963.2;39.96;33.44;36.21;34.32;0.0;0.26;0.0
1669;5/03/2025 16:20;11343.3;17035.3;39.3;33.76;35.54;35.27;0.09;5.5;0.0
1670;5/03/2025 17:21;4769.03;8471.25;34.85;42.3;31.85;44.78;0.5;2.52;0.0
1671;5/03/2025 18:21;289.86;651.94;27.87;64.6;26.09;95.12;0.0;1.21;0.0
1672;5/03/2025 19:22;0;0.14;24.26;85.37;22.67;100;0.0;0.18;0.0
1673;5/03/2025 20:23;0;0;22.56;96;20.96;100;0.0;1.3;0.0
1674;5/03/2025 21:23;0;0;22.15;99.64;20.69;100;1.22;3.79;0.0
1675;5/03/2025 23:05;0;0;21.62;100;20.71;100;0.0;0.0;0.0
1676;6/03/2025 0:05;0;0;21.54;100;20.73;100;0.06;0.58;0.0
1677;6/03/2025 1:06;0;0;21.75;100;20.65;100;0.24;1.58;0.0
1678;6/03/2025 2:06;0;0;21.79;100;20.64;100;0.0;0.0;0.0
1679;6/03/2025 3:07;0;0;21.6;100;20.37;100;0.89;3.77;0.0
1680;6/03/2025 4:08;0;0;21.46;100;20.1;100;0.0;1.1;0.0
1681;6/03/2025 5:08;0;0;21.41;100;20.06;100;0.0;0.0;0.0
1682;6/03/2025 6:09;0.28;0.69;21.32;100;20.02;100;0.0;0.0;0.0
1683;6/03/2025 7:10;282.36;618.61;21.29;100;19.86;100;0.42;6.18;0.0
1684;6/03/2025 8:10;1405.14;3092.64;21.73;97.09;20.15;100;0.0;0.2;0.0
1685;6/03/2025 9:11;4835.69;10988.2;23.94;85.34;22.35;100;0.0;0.19;0.0
1686;6/03/2025 10:11;5932.22;13000.3;26.2;73.22;24.76;100;0.2;2.98;0.0
1687;6/03/2025 11:12;15516;44185.4;30.22;54.84;29.22;67.83;0.3;3.04;0.0
1688;6/03/2025 12:13;26584.6;48857.8;33.86;48.51;33.24;42.62;0.0;0.28;0.0
1689;6/03/2025 13:13;28767.5;48005;34.53;43.13;34.99;35.42;0.16;1.31;0.0
1690;6/03/2025 14:14;12290.8;25317.4;32.95;47.05;32.21;40.87;0.56;7.1;0.0
1691;6/03/2025 15:15;4311.94;9363.33;29.71;58.05;28.62;72.61;0.09;3.02;0.0
1692;6/03/2025 16:15;2680.14;6266.53;27.77;63.88;26.68;96.63;0.31;3.25;0.0
1693;6/03/2025 17:36;750;1671.25;25.48;75.71;24.62;100;0.04;2.54;0.0
1694;6/03/2025 18:37;120.14;266.53;24.16;82.61;23.49;100;0.65;4.58;0.0
1695;6/03/2025 19:37;0;0;23.73;84.92;22.88;100;0.32;0.2;0.0
1696;6/03/2025 20:38;0;0;23.32;90.55;22.3;100;0.0;0.0;0.0
1697;6/03/2025 21:39;0;0;22.89;95.98;21.87;100;0.19;1.0;0.0
1698;6/03/2025 22:39;0;0;22.29;99.15;21.29;100;0.18;3.23;0.0
1699;6/03/2025 23:40;0;0;22.17;100;21.11;100;0.29;1.9;0.0
1700;7/03/2025 0:41;0;0;21.89;100;20.84;100;0.42;1.73;0.0
1701;7/03/2025 1:41;0;0;21.63;99.09;20.6;100;0.0;0.0;0.0
1702;7/03/2025 2:42;0;0;21.28;99.45;20.2;100;0.09;0.1;0.0
1703;7/03/2025 3:43;0;0;20.93;99.07;19.91;100;0.0;0.0;0.0
1704;7/03/2025 4:43;0;0;20.5;99.64;19.44;100;1.28;2.34;0.0
1705;7/03/2025 5:44;0;0;20.27;100;19.25;100;1.77;1.95;0.0
1706;7/03/2025 6:44;200;457.36;20.18;100;19.18;100;1.66;2.12;0.0
1707;7/03/2025 7:45;1707.78;3707.78;21.64;93.81;20.86;100;4.33;2.16;0.0
1708;7/03/2025 10:00;7824.86;13106;30.87;57.08;30.69;65.41;4.24;0.17;0.0
1709;7/03/2025 11:01;11630.4;49281.4;34.81;46.57;34.1;40.1;6.05;3.11;0.0
1710;7/03/2025 12:02;25556;54169.7;35.59;44.45;35.77;34.24;5.69;2.83;0.0
1711;7/03/2025 13:02;18955.4;34526.2;34.86;42.74;34.45;33.62;3.61;1.49;0.0
1712;7/03/2025 14:03;18578.9;34275.6;36.02;40.46;35.97;29.63;2.18;2.2;0.0
1713;7/03/2025 15:04;21170.4;45458.7;38.85;34.12;38;27.02;4.0;10.95;0.0
1714;7/03/2025 16:04;11887.5;27693.1;39.01;32.16;36.17;28.13;2.41;4.72;0.0
1715;7/03/2025 17:45;1511.25;3313.06;29.34;55.82;28.64;55.51;1.84;4.17;0.0
1716;7/03/2025 18:46;128.75;284.86;26.56;71.41;25.8;98.82;0.23;0.13;0.0
1717;7/03/2025 19:57;0;0;24.85;86.17;24.21;100;0.38;0.0;0.0
1718;7/03/2025 21:38;0;0;23.76;90.72;23.35;100;0.84;0.0;0.0
1719;7/03/2025 22:39;0;0;23.78;89.76;23.35;100;0.83;0.01;0.0
1720;7/03/2025 23:39;0;0;23.63;88.79;22.3;100;1.8;0.0;0.0
1721;8/03/2025 0:40;0;0;22.77;90.26;21.06;100;1.3;0.0;0.0
1722;8/03/2025 1:40;0;0;22.23;93.45;20.62;100;1.86;1.53;0.0
1723;8/03/2025 2:41;0;0;21.49;96.97;19.99;100;0.18;0.0;0.0
1724;8/03/2025 3:42;0;0;21.24;100;19.98;100;0.41;0.0;0.0
1725;8/03/2025 4:42;0;0;21.07;100;19.87;100;0.66;0.0;0.0
1726;8/03/2025 5:43;0;0;21.12;100;19.93;100;1.93;1.27;0.0
1727;8/03/2025 6:44;155;348.47;21.05;100;19.9;100;1.51;0.0;0.0
1728;8/03/2025 7:44;1706.39;3657.78;22.06;97.69;20.84;100;2.22;1.69;0.0
1729;8/03/2025 8:45;4660.97;10293.9;24.88;81.14;23.86;100;2.85;2.98;0.0
1730;8/03/2025 9:46;7439.44;16335.8;27.3;69.21;26.01;100;2.98;1.58;0.0
1731;8/03/2025 11:07;15211.8;53672.2;32.25;52.58;32.02;57.44;0.74;0.0;0.0
1732;8/03/2025 12:07;25680.7;49130.1;34.81;46.71;34.61;39.73;5.95;2.69;0.0
1733;8/03/2025 13:08;47539.4;51821.8;36.47;43.2;36.31;34.43;1.68;0.07;0.0
1734;8/03/2025 14:09;49349.3;54612.5;38.7;36.08;36.98;31.85;2.09;2.85;0.0
1735;8/03/2025 15:09;27597.2;53881.8;40.4;34.62;37.77;29.97;1.69;3.05;0.0
1736;8/03/2025 16:10;11738.1;21985;41.68;29.91;37.87;27.18;0.52;2.62;0.0
1737;8/03/2025 17:10;3506.53;6919.44;34.17;40.78;31.92;35.86;0.0;0.0;0.0
1738;8/03/2025 18:11;543.06;1108.47;28.45;55.82;27.5;71.7;0.16;0.0;0.0
1739;8/03/2025 19:12;6.94;14.86;25.89;63.15;25.12;98.09;0.19;2.91;0.0
1740;8/03/2025 20:12;0;0;24.85;72.89;23.98;100;0.15;1.03;0.0
1741;8/03/2025 21:53;0;0;22.89;85.46;22.44;100;0.31;0.51;0.0
1742;8/03/2025 22:54;0;0;21.91;95.72;21.39;100;0.61;0.77;0.0
1743;8/03/2025 23:55;0;0;22.07;95.81;21.39;100;0.0;0.0;0.0
1744;9/03/2025 0:55;0;0;21.92;95.37;20.98;100;0.08;0.25;0.0
1745;9/03/2025 1:56;0;0;21.94;94.45;21.18;100;0.0;0.0;0.0
1746;9/03/2025 2:57;0;0;21.75;95.98;20.74;100;0.5;0.94;0.0
1747;9/03/2025 3:57;0;0;21.42;98.09;20.42;100;0.08;0.0;0.0
1748;9/03/2025 4:58;0;0;21.03;99.3;20.01;100;0.49;0.0;0.0
1749;9/03/2025 5:59;0.14;0.28;21.03;100;20.09;100;0.44;1.03;0.0
1750;9/03/2025 6:59;282.92;631.25;21.61;97.88;20.8;100;0.12;1.2;0.0
1751;9/03/2025 8:00;1966.81;4326.81;23.28;89.33;22.79;100;0.0;0.9700001;0.0
1752;9/03/2025 9:00;4391.81;7773.47;27.04;73.58;26.4;100;0.06;0.0;0.0
1753;9/03/2025 10:01;7336.67;14225.8;31.76;55.5;31.06;59.99;0.98;2.36;0.0
1754;9/03/2025 11:02;15152.9;51211.7;35.23;46.07;34.88;40.54;0.24;1.58;0.0
1755;9/03/2025 12:02;29400.7;54612.5;36.42;42.29;36.06;35.13;0.45;1.6;0.0
1756;9/03/2025 13:54;50031.4;54612.5;39.44;35.42;38.48;29.79;0.0;1.3;0.0
1757;9/03/2025 14:54;32161.2;54612.5;41.66;31.92;39.3;28.34;0.0;0.28;0.0
1758;9/03/2025 15:55;11148.1;26924.4;39.9;33.71;36.9;31.54;0.0;0.0;0.0
1759;9/03/2025 17:26;3902.78;5958.19;36.93;35.02;32.83;36.49;0.0;0.62;0.0
1760;9/03/2025 18:27;544.86;1050.97;29.39;53.19;28.45;62.73;0.0;0.0;0.0
1761;9/03/2025 19:27;0;0.14;26.61;65.08;25.87;100;0.0;0.0;0.0
1762;9/03/2025 20:28;0;0;25.57;68.21;24.92;100;0.0;0.0;0.0
1763;9/03/2025 21:39;0;0;24.03;75.9;23.27;100;0.0;0.0;0.0
1764;9/03/2025 22:39;0;0;22.75;87.25;21.96;100;0.0;0.0;0.0
1765;9/03/2025 23:40;0;0;22.62;93.05;21.41;100;0.0;0.0;0.0
1766;10/03/2025 0:41;0;0;22.19;97.03;20.96;100;0.0;0.0;0.0
1767;10/03/2025 4:03;0;0;21.45;100;20.78;100;0.0;0.0;0.0
1768;10/03/2025 5:44;0;0;21.51;100;20.72;100;0.0;0.0;0.0
1769;10/03/2025 7:05;369.86;836.39;21.31;100;20.6;100;0.0;0.0;0.0
1770;10/03/2025 8:06;2353.06;5106.39;22.66;96.88;22.07;100;0.0;0.0;0.0
1771;10/03/2025 9:06;5114.86;11200.4;25.71;79.35;25.25;100;0.0;0.0;0.0
1772;10/03/2025 10:58;9625.56;23882.1;30.26;58.37;30.75;64.46;0.0;0.0;0.0
1773;10/03/2025 11:58;24763.5;49243.5;33.48;48.62;34.04;40.86;0.0;0.0;0.0
1774;10/03/2025 12:59;44771;53302.5;36.18;41.24;36.59;32.06;0.0;0.41;0.0
1775;10/03/2025 13:59;14591.1;30837.4;35.31;43.22;35.07;33.62;0.0;0.58;0.0
1776;10/03/2025 15:00;15504.7;33743.5;35.94;42.07;34.84;33.11;0.0;0.0;0.0
1777;10/03/2025 16:01;14667.2;30293.6;41.36;27.62;38.24;25.69;0.0;0.0;0.0
1778;10/03/2025 17:22;4108.19;4770.97;38.95;31.03;32.84;35.87;0.0;0.0;0.0
1779;10/03/2025 18:22;392.78;784.17;28.31;56.56;27.14;75.26;0.0;0.0;0.0
1780;10/03/2025 19:43;0;0;25.18;73.75;24.9;100;0.0;0.0;0.0
1781;10/03/2025 20:44;0;0;23.67;86.34;23.01;100;0.0;0.0;0.0
1782;10/03/2025 21:45;0;0;22.83;90.65;22.1;100;0.0;0.0;0.0
1783;10/03/2025 22:45;0;0;22.49;92.11;21.65;100;0.0;0.0;0.0
1784;10/03/2025 23:46;0;0;22.01;94.23;21.17;100;0.0;0.0;0.0
1785;11/03/2025 0:46;0;0;21.74;97.04;20.79;100;0.0;0.0;0.0
1786;11/03/2025 1:57;0;0;21.08;99.5;20.32;100;0.0;0.0;0.0
1787;11/03/2025 2:58;0;0;21.16;98.73;20.77;100;0.0;0.0;0.0
1788;11/03/2025 3:59;0;0;21.46;98.8;20.59;100;0.0;0.0;0.0
1789;11/03/2025 4:59;0;0;21.42;99.02;20.48;100;0.0;0.0;0.0
1790;11/03/2025 6:20;11.81;25;21.58;98.02;20.93;100;0.0;0.0;0.0
1791;11/03/2025 7:21;661.81;1513.61;21.8;98.91;21.33;100;0.0;0.0;0.0
1792;11/03/2025 8:21;1785.42;3868.19;23.26;93.14;22.15;100;0.0;0.08;0.0
1793;11/03/2025 10:13;9540;20691.7;27.93;72.4;26.95;100;0.0;0.0;0.0
1794;11/03/2025 11:44;21091.9;49243.2;35.95;42.91;35.62;37.93;0.0;0.58;0.0
1795;11/03/2025 12:45;37297.1;45105.7;36.49;44.59;36.22;35.76;0.0;1.0;0.0
1796;11/03/2025 13:45;42510.6;48741.9;38.2;39.34;37.79;31.56;0.0;0.0;0.0
1797;11/03/2025 15:06;13498.1;32398.3;33.59;47.31;33.41;43.58;0.0;0.0;0.0
1798;11/03/2025 16:07;13037.8;27129;37.04;37.86;35.67;33.36;0.0;0.0;0.0
1799;11/03/2025 17:08;2671.94;5217.5;30.59;53.64;28.88;69.33;0.0;0.0;0.0
1800;26/03/2025 11:30;14548.9;41670.4;35.52;48.06;34.5;45.14;1.73;0.0;0.0
1801;26/03/2025 12:31;14883.8;36078.5;36.06;44.69;35.25;38.52;1.34;0.0;0.0
1802;26/03/2025 13:32;17058.6;38820.1;36.62;42.59;36.17;35.19;1.35;0.0;0.0
1803;26/03/2025 14:32;13344.4;31021.2;37;39.01;35.88;33.97;0.41;0.0;0.0
1804;26/03/2025 15:33;8059.17;18929.2;36.08;44.44;34.58;39.63;1.45;0.0;0.0
1805;31/03/2025 12:50;18279.3;42661.2;33.48;50;33.2;45.78;2.29;0.0;0.0
1806;31/03/2025 13:51;13060.8;30056.5;34.27;45.92;33.43;43.55;0.98;0.0;0.0
1807;31/03/2025 14:51;12703.9;31449.2;35.08;46.99;33.75;44.69;1.61;0.0;0.0
1808;31/03/2025 15:52;11597.5;30381.9;37.85;39.89;35.34;35.67;0.1;0.0;0.0
1809;31/03/2025 16:53;4600;9994.44;31.82;47.66;29.77;53.71;0.8;0.0;0.0
1810;31/03/2025 17:53;1218.61;2699.31;27.36;59.39;26.13;94.87;0.91;0.0;0.0
1811;31/03/2025 18:54;58.47;131.53;25.07;70.98;24.1;100;2.43;0.0;0.0
1812;31/03/2025 20:05;0;0;23.55;85.71;22.77;100;1.66;0.0;0.0
1813;31/03/2025 21:06;0;0;22.6;92.14;22.15;100;2.44;0.0;0.0
1814;31/03/2025 22:06;0;0;22.01;96.75;21.18;100;1.5;0.0;0.0
1815;31/03/2025 23:07;0;0;21.66;98.82;20.65;100;3.74;0.0;0.0
1816;1/04/2025 0:07;0;0;21.33;99.82;20.25;100;2.81;0.0;0.0
1817;1/04/2025 1:08;0;0;21.08;100;19.89;100;2.4;0.0;0.0
1818;1/04/2025 2:09;0;0;20.77;100;19.49;100;2.33;0.0;0.0
1819;1/04/2025 3:09;0;0;20.61;100;19.29;100;0.79;0.0;0.0
1820;1/04/2025 4:10;0;0;20.44;100;19.21;100;3.82;0.0;0.0
1821;1/04/2025 5:11;0;0;20.29;100;18.94;100;1.5;0.0;0.0
1822;1/04/2025 6:11;20.97;48.75;20.65;100;19.45;100;1.73;0.0;0.0
1823;1/04/2025 7:12;779.86;1717.92;21.11;99.82;19.88;100;1.45;0.0;0.0
1824;1/04/2025 8:12;2587.36;3316.25;24.37;85.92;22.99;100;2.37;0.0;0.0
1825;1/04/2025 9:13;5216.25;6653.75;31.08;58.78;28.13;96.57;4.88;0.0;0.0
1826;1/04/2025 10:14;9132.08;27328.3;32.33;53.86;31.17;70.61;1.77;0.0;0.0
1827;1/04/2025 11:14;18196.5;51235.1;36.38;44.68;34.84;40.88;1.75;0.0;0.0
1828;1/04/2025 12:15;36507.4;54612.5;37.95;40.21;37.19;31.73;1.53;0.0;0.0
1829;1/04/2025 13:16;42444.7;54612.5;38.96;36.26;38.19;27.87;0.21;0.0;0.0
1830;1/04/2025 14:16;30552.5;48364.3;41.31;29.31;39.22;22.93;0.0;0.0;0.0
1831;1/04/2025 15:17;15637.4;40861.1;41.79;30.98;38.71;26.55;0.35;0.0;0.0
1832;1/04/2025 16:17;6428.61;14099.6;32.85;48.21;30.82;56.4;0.26;0.0;0.0
1833;1/04/2025 17:18;1667.92;3791.81;29.12;60.34;27.75;93.78;0.33;0.0;0.0
1834;1/04/2025 18:19;243.19;573.61;27.39;67.94;26.29;100;1.05;0.0;0.0
1835;1/04/2025 19:30;0;0;25.48;77.27;24.68;100;2.08;0.0;0.0
1836;1/04/2025 20:30;0;0;24.99;78.5;24.56;100;3.81;0.0;0.0
1837;1/04/2025 21:31;0;0;23.85;92.41;21.65;100;1.79;0.0;0.0
1838;1/04/2025 22:32;0;0;22.76;98.41;20.95;100;2.03;0.0;0.0
1839;1/04/2025 23:32;0;0;22.05;99.52;20.21;100;4.31;0.0;0.0
1840;2/04/2025 0:33;0;0;21.63;99.91;19.91;100;3.23;0.0;0.0
1841;2/04/2025 1:33;0;0;21.4;100;19.79;100;0.08;0.0;0.0
1842;2/04/2025 2:34;0;0;21.32;100;19.72;100;0.7;0.0;0.0
1843;2/04/2025 3:35;0;0;21.28;100;19.72;100;5.67;0.0;0.0
1844;2/04/2025 4:35;0;0;21.26;100;19.73;100;2.69;0.0;0.0
1845;2/04/2025 5:36;0;0;21.04;100;19.5;100;3.07;0.0;0.0
1846;2/04/2025 6:37;192.64;453.75;21.03;100;19.53;100;2.29;0.0;0.0
1847;2/04/2025 7:37;1155.56;2694.44;22.35;97.81;20.39;100;0.73;0.0;0.0
1848;2/04/2025 8:38;3166.94;7233.06;24.34;88.91;21.58;100;1.63;0.0;0.0
1849;2/04/2025 9:38;7667.08;15914.3;29.5;65.97;24.99;100;4.22;0.0;0.0
1850;2/04/2025 10:39;9156.39;27078.3;31.94;56.58;30.27;73.37;3.15;0.0;0.0
1851;2/04/2025 11:40;20840.1;47236.5;33.91;50.6;32.43;55.44;5.64;0.0;0.0
1852;2/04/2025 12:40;36055.7;54612.5;36.88;42.96;35.94;38.65;4.49;0.0;0.0
1853;2/04/2025 13:41;35528.8;54612.5;38.65;39.27;37.26;32.68;1.01;0.0;0.0
1854;2/04/2025 14:42;20969.4;42823.8;40.04;34.15;37.22;30.64;0.5;0.0;0.0
1855;2/04/2025 15:42;9467.64;24533.5;37.73;37.4;34.73;36.08;0.0;0.0;0.0
1856;2/04/2025 16:43;4505.97;10255.1;33.73;46.67;31.78;49.51;0.95;0.0;0.0
1857;2/04/2025 17:43;450.97;1038.19;29.45;62.59;27.4;90.16;0.0;0.0;0.0
1858;2/04/2025 18:44;18.33;45.14;25.17;89.02;22.52;100;0.87;0.0;0.0
1859;2/04/2025 19:45;0;0;24.09;97.17;22.48;100;1.39;0.0;0.0
1860;2/04/2025 20:45;0;0;23.72;99.16;22.38;100;0.88;0.0;0.0
1861;2/04/2025 21:46;0;0;23.71;98.49;22.28;100;0.88;0.0;0.0
1862;2/04/2025 22:47;0;0;23.02;99.5;21.32;100;1.12;0.0;0.0
1863;2/04/2025 23:47;0;0;22.63;99.93;21.08;100;2.61;0.0;0.0
1864;3/04/2025 0:48;0;0;22.41;100;20.97;100;1.61;0.0;0.0
1865;3/04/2025 1:48;0;0;22.29;100;20.9;100;1.38;0.0;0.0
1866;3/04/2025 2:49;0;0;21.72;100;20.32;100;0.47;0.0;0.0
1867;3/04/2025 3:50;0;0;21.48;100;20.22;100;1.51;0.0;0.0
1868;3/04/2025 4:50;0;0;21.24;100;19.95;100;0.98;0.0;0.0
1869;3/04/2025 5:51;0.28;0.83;21.18;100;19.94;100;1.07;0.0;0.0
1870;3/04/2025 6:52;316.53;746.11;21.65;100;20.36;100;0.45;0.0;0.0
1871;3/04/2025 7:52;1439.72;3420.42;22.73;98.44;21.31;100;1.03;0.0;0.0
1872;3/04/2025 8:53;2413.89;5517.5;23.66;96.05;22.24;100;1.1;0.0;0.0
1873;3/04/2025 9:54;8920.56;19293.5;29.16;72.24;26.88;100;1.21;0.0;0.0
1874;3/04/2025 10:54;15516.2;50572.6;33.62;52.78;31.28;78.11;3.26;0.0;0.0
1875;3/04/2025 11:55;31758.5;54612.5;36.41;45.75;35.98;38.72;2.49;0.0;0.0
1876;3/04/2025 13:36;30291.8;52201;40.08;34.36;39.25;27.36;0.0;0.0;0.0
1877;3/04/2025 14:37;17852.9;36038.9;39.05;33.42;37.89;25.76;0.0;0.0;0.0
1878;3/04/2025 15:38;8292.36;19614;37.73;36.02;35.98;30.48;1.08;0.0;0.0
1879;3/04/2025 17:19;792.36;1887.92;29.51;59.61;28.2;95.41;1.22;0.0;0.0
1880;3/04/2025 18:20;110.83;255.42;24.8;77.01;23.67;100;1.48;0.0;0.0
1881;3/04/2025 19:21;0;0;22.37;95.89;21.13;100;1.35;0.0;0.0
1882;3/04/2025 20:21;0;0;22.39;98.82;21.57;100;0.0;0.0;0.0
1883;3/04/2025 21:52;0;0;22.89;95.36;21.8;100;0.88;0.0;0.0
1884;3/04/2025 23:33;0;0;22;100;20.83;100;1.49;0.0;0.0
1885;4/04/2025 0:34;0;0;21.79;100;20.69;100;1.73;0.0;0.0
1886;4/04/2025 1:35;0;0;21.67;100;20.29;100;1.35;0.0;0.0
1887;4/04/2025 2:35;0;0;21.75;100;20.42;100;0.52;0.0;0.0
1888;4/04/2025 3:36;0;0;21.78;100;20.47;100;0.84;0.0;0.0
1889;4/04/2025 4:37;0;0;21.71;100;20.41;100;1.09;0.0;0.0
1890;4/04/2025 5:58;0.83;2.08;21.27;100;20.28;100;0.42;0.0;0.0
1891;4/04/2025 6:58;267.64;615.56;21.28;100;20.5;100;1.94;0.0;0.0
1892;4/04/2025 8:39;3514.31;8113.89;24.14;90.74;23.09;100;0.46;0.0;0.0
1893;4/04/2025 9:40;5377.08;12606;26.34;78.23;25.22;100;4.62;0.0;0.0
1894;4/04/2025 10:41;8022.92;19720;29.45;65.27;28.22;100;3.46;0.0;0.0
1895;4/04/2025 11:41;13561.8;34886.1;32.07;55.36;31.18;73.56;0.54;0.0;0.0
1896;4/04/2025 12:42;22723.8;50369.4;34.27;49.19;33.57;46.32;1.84;0.0;0.0
1897;4/04/2025 13:42;29680.8;50822.6;36.21;44.08;34.76;39.49;2.47;0.0;0.0
1898;4/04/2025 14:43;27523.8;54612.5;41.96;31.96;38.44;28.98;0.08;0.0;0.0
1899;4/04/2025 15:44;13490.1;37991.8;42.43;31.45;37.22;31.67;0.06;0.0;0.0
1900;4/04/2025 16:44;6653.47;10487.6;39.33;33.02;34.47;35.46;0.45;0.0;0.0
1901;4/04/2025 18:25;457.36;1016.25;28.68;59.95;27.54;99.13;0.09;0.0;0.0
1902;4/04/2025 19:26;0;0.14;26.49;73.33;25.88;100;3.67;0.0;0.0
1903;4/04/2025 20:27;0;0;25.68;80.8;24.39;100;0.6;0.0;0.0
1904;4/04/2025 21:27;0;0;23.84;92.6;21.75;100;0.07;0.0;0.0
1905;4/04/2025 22:28;0;0;22.97;97.88;21.54;100;0.43;0.0;0.0
1906;4/04/2025 23:29;0;0;23.03;98.03;21.73;100;0.66;0.0;0.0
1907;5/04/2025 0:29;0;0;23;98;21.34;100;0.8;0.0;0.0
1908;5/04/2025 1:30;0;0;22.8;99.25;21.11;100;0.42;0.0;0.0
1909;5/04/2025 2:31;0;0;22.33;100;21.01;100;1.88;0.0;0.0
1910;5/04/2025 3:31;0;0;21.67;100;20.63;100;0.53;0.0;0.0
1911;5/04/2025 4:32;0;0;21.75;100;20.56;100;1.04;0.0;0.0
1912;5/04/2025 7:04;605.83;1392.64;21.58;100;20.76;100;0.5;0.0;0.0
1913;5/04/2025 8:25;3233.47;7642.36;24.12;91.45;23.05;100;0.74;0.0;0.0
1914;5/04/2025 9:25;5929.3;12481;28.39;70.53;26.72;100;1.95;0.0;0.0
1915;5/04/2025 10:26;7622.78;21285.3;29.98;63.72;28.22;99.77;0.74;23.78;1.51
1916;5/04/2025 11:57;34576.9;54612.5;36.24;43.82;35.67;37.36;0.0;70.48;0.0
1917;5/04/2025 12:58;44311.8;54612.5;38.01;39.39;37.3;29.09;0.0;71.01;0.08
1918;5/04/2025 13:58;40161.7;54612.5;40.91;31.93;38.56;27.53;0.0;73.99;1.29
1919;5/04/2025 15:29;13869.6;44897.8;43.4;28.19;39.12;25.24;0.0;73.61;1.29
1920;5/04/2025 16:30;2389.44;5229.86;34.68;41.03;32.42;38.22;0.0;69.78;0.26
1921;5/04/2025 17:31;1011.53;2285.42;29.76;53.46;28.72;74.03;0.0;69.63;0.5
1922;5/04/2025 18:32;156.11;370.28;26.6;62.83;25.8;99.48;0.0;75.35;0.06
1923;5/04/2025 20:03;0;0;24.45;76.79;24.06;100;0.0;71.21;1.51
1924;5/04/2025 21:03;0;0;23.9;84.05;22.88;100;0.0;62.55;0.16
1925;5/04/2025 22:04;0;0;23.49;90.52;22.17;100;0.0;65.95;1.15
1926;5/04/2025 23:05;0;0;23.49;91.09;22.1;100;0.0;66.24;0.3
1927;6/04/2025 0:05;0;0;23.4;94.92;22.22;100;0.0;69.81;4.25
1928;6/04/2025 1:06;0;0;22.99;97.23;21.84;100;0.0;71.55;6.11
1929;6/04/2025 2:27;0;0;22.39;100;21.5;100;0.0;66.63;0.44
1930;6/04/2025 4:08;0;0;22.21;100;21.49;100;0.0;66.59;1.55
1931;6/04/2025 5:09;0;0;22.27;100;21.31;100;0.0;69.28;4.62
1932;6/04/2025 6:10;9.86;22.08;22.38;100;21.14;100;0.0;65.75;5.19
1933;6/04/2025 7:10;677.5;1478.47;22.91;98.93;21.67;100;0.0;64.12;1.82
1934;6/04/2025 8:11;1964.44;4552.64;24.17;91.9;23;100;0.0;68.5;2.77
1935;6/04/2025 9:12;8689.44;15844;30.42;65.61;28.72;97;0.0;64.66;1.29
1936;6/04/2025 10:12;11156.2;29249;34.9;48.85;31.95;77.12;0.0;64.97;0.85
1937;6/04/2025 11:13;21023.2;54124;36.64;43.55;33.71;52.8;0.0;71.89;0.32
1938;6/04/2025 12:13;29718.9;49030;37.37;41.14;35.51;39.13;0.0;78.01;3.89
1939;6/04/2025 13:14;42564.4;54612.5;38.58;38.74;36.33;35.92;0.0;74.7;1.86
1940;6/04/2025 14:15;33397.1;54612.5;41.69;32.41;38.38;30;0.0;70.73;0.0
1941;6/04/2025 15:15;15903.8;47187.1;43.16;28.09;38.75;27;0.0;74.88;0.0
1942;6/04/2025 16:16;2823.19;6242.78;33.19;46.94;30.69;64.01;0.0;66.36;1.27
1943;6/04/2025 17:17;1460.14;3350;29.39;58.36;27.93;97.38;0.0;68.23;2.71
1944;6/04/2025 18:27;92.64;213.33;26.24;68.83;25.22;100;0.0;64.19;2.89
1945;6/04/2025 19:28;0;0;24.45;80.08;23.69;100;0.0;55.47;0.9
1946;6/04/2025 20:29;0;0;23.53;85.3;22.49;100;0.0;69.96;3.47
1947;6/04/2025 21:40;0;0;22.57;87.02;21.86;100;0.0;62.81;1.99
1948;6/04/2025 22:40;0;0;22.19;89.42;21.68;100;0.0;68.36;3.85
1949;6/04/2025 23:41;0;0;22.17;89.59;21.36;100;0.0;62.9;1.81
1950;7/04/2025 0:42;0;0;22.03;89.26;20.91;100;0.0;66.49;3.73
1951;7/04/2025 1:42;0;0;21.22;96.18;20.07;100;0.0;67.19;5.23
1952;7/04/2025 2:43;0;0;20.81;98.54;19.65;100;0.0;64.62;6.56
1953;7/04/2025 3:43;0;0;21.01;97.64;19.89;100;0.0;64.97;5.73
1954;7/04/2025 4:44;0;0;20.85;98.31;19.63;100;0.0;59.77;3.98
1955;7/04/2025 5:45;0;0.14;20.23;100;18.96;100;0.0;52.08;3.47
1956;7/04/2025 7:56;1855.97;1934.72;22.39;90.81;21.93;100;0.0;74.92;11.14
1957;7/04/2025 8:57;6383.33;5178.06;29.12;60.82;27.91;95.66;0.0;67.82;8.27
1958;7/04/2025 9:57;7576.67;12814.6;32.69;48.99;31.03;62.7;0.0;71.54;1.31
1959;7/04/2025 10:58;16399.4;54612.5;35.72;40.42;34.08;37.03;0.0;69.41;0.0
1960;7/04/2025 13:20;45534.9;54612.5;39.07;34.75;38.75;25.71;0.0;74.57;0.0
1961;7/04/2025 14:31;30808.3;54612.5;42.57;27.98;39.62;22.92;0.0;72.86;0.0
1962;7/04/2025 15:31;13931.5;44128.1;43.82;24.01;39.28;22.04;0.0;66.74;0.0
1963;7/04/2025 16:32;2543.47;4726.25;36.33;34.72;33.12;32.17;0.0;72.97;0.0
1964;7/04/2025 17:33;1032.78;2332.78;30.44;52.86;29.46;77.34;0.0;69.43;0.0
1965;7/04/2025 19:04;8.89;19.86;27.43;64.31;27.03;100;0.0;65.77;0.0
1966;7/04/2025 20:04;0;0;26.68;68.37;26.59;100;0.0;74.75;0.0
1967;7/04/2025 21:05;0;0;25.22;77.96;23.64;100;0.0;71.83;0.0
1968;7/04/2025 22:06;0;0;23.34;93.27;21.61;100;0.0;67.68;0.0
1969;7/04/2025 23:06;0;0;23.21;96.88;21.75;100;0.0;66.6;0.0
1970;8/04/2025 0:07;0;0;22.86;97.21;21.3;100;0.0;68.13;0.0
1971;8/04/2025 1:08;0;0;22.49;95.58;21.16;100;0.0;65.12;0.0
1972;8/04/2025 2:08;0;0;22.09;90.43;20.62;100;0.0;66.17;0.0
1973;8/04/2025 3:09;0;0;21.64;95.34;20.15;100;0.0;65.06;0.01
1974;8/04/2025 4:09;0;0;21.38;97.11;20;100;0.0;57.08;0.0
1975;8/04/2025 5:10;0;0;21.25;99.88;20.01;100;0.0;65.8;0.0
1976;8/04/2025 6:11;17.36;39.03;21.22;98.47;20;100;0.0;60.8;0.0
1977;8/04/2025 7:11;942.36;2114.72;21.78;97.67;20.73;100;0.0;61.23;0.0
1978;8/04/2025 8:12;3521.94;7775.28;24.68;84.44;23.52;100;0.0;53.33;0.0
1979;8/04/2025 9:13;5727.22;13354.7;27.45;69.67;26;100;0.0;64.7;0.56
1980;8/04/2025 10:13;6625;15232.4;29.28;64.56;28.05;100;0.0;65.84;0.0
1981;8/04/2025 11:14;9736.11;24381.4;30.78;57.94;29.98;90.48;0.0;56.91;0.0
1982;8/04/2025 12:14;13214.3;31767.5;33.36;50.7;32.71;52.31;0.0;64.62;0.0
1983;8/04/2025 13:15;13506.8;31354.6;33.83;45.86;33.64;41.28;0.0;67.24;0.0
1984;8/04/2025 14:16;10017.5;23535.3;34.57;46.68;33.4;44.33;0.0;64.13;0.0
1985;8/04/2025 15:16;8411.11;20871.8;33.36;49.62;31.88;56.62;0.0;67.77;0.0
1986;8/04/2025 16:17;6157.22;12949.4;33.66;47.25;31.15;65.67;0.0;63.88;0.0
1987;8/04/2025 17:18;2228.75;3978.06;31.78;51.57;29.63;89.03;0.0;57.86;0.0
1988;8/04/2025 18:18;225.69;454.44;26.74;69.36;25.68;100;0.0;62.55;0.0
1989;8/04/2025 19:19;0.14;0.42;24.23;84.85;23.63;100;0.0;58.12;0.0
1990;8/04/2025 20:20;0;0;22.72;96.01;22.16;100;0.0;63.54;0.0
1991;8/04/2025 21:21;0;0;22.44;99.11;21.55;100;0.0;57.0;0.0
1992;8/04/2025 22:21;0;0;22.27;99.77;21.19;100;0.0;65.51;0.0
1993;8/04/2025 23:22;0;0;21.98;99.96;20.8;100;0.0;66.19;0.0
1994;9/04/2025 0:22;0;0;21.64;100;20.41;100;0.0;62.2;0.0
1995;9/04/2025 1:23;0;0;21.36;100;20.12;100;0.0;71.44;0.0
1996;9/04/2025 2:24;0;0;21.21;100;19.91;100;0.0;62.95;0.0
1997;9/04/2025 3:24;0;0;21.43;100;20.28;100;0.0;60.34;0.0
1998;9/04/2025 5:05;0;0;21.14;100;20.2;100;0.0;60.7;0.0
1999;9/04/2025 6:06;12.64;31.67;20.89;100;20.16;100;0.0;71.42;0.0
2000;9/04/2025 7:07;656.67;1632.08;21.77;99.4;20.84;100;0.0;59.41;0.0
2001;9/04/2025 8:07;2560.14;5652.36;23.66;90.11;22.52;100;0.0;61.03;0.0
2002;9/04/2025 16:53;2147.92;5152.64;31.48;50.7;30.18;71.93;0.0;73.76;26.6
2003;9/04/2025 17:54;379.86;905.97;28.79;59.25;27.68;99.08;0.0;77.06;16.83
2004;9/04/2025 18:55;12.36;29.03;26.72;72.28;25.49;100;0.0;71.71;4.32
2005;9/04/2025 19:55;0;0;25.04;80.72;23.8;100;0.0;79.67;8.65
2006;9/04/2025 20:56;0;0;24.46;86.54;23.26;100;0.0;74.3;7.8
2007;9/04/2025 21:57;0;0;23.75;88.25;22.59;100;0.0;68.75;2.92
2008;9/04/2025 22:57;0;0;23.33;88.33;22.39;100;0.0;72.08;5.0
2009;9/04/2025 23:58;0;0;23.06;89.86;22.02;100;0.0;71.62;6.43
2010;10/04/2025 1:39;0;0;22.41;94.65;21.64;100;0.0;73.74;6.79
2011;10/04/2025 2:40;0;0;22.21;96.61;21.56;100;0.0;72.39;8.52
2012;10/04/2025 3:40;0;0;22.35;97.11;21.33;100;0.0;64.03;3.69
2013;10/04/2025 4:41;0;0;22.3;97.99;21.08;100;0.0;70.85;6.46
2014;10/04/2025 5:42;0;0;22.14;99.68;20.93;100;0.0;75.86;8.46
2015;10/04/2025 6:42;199.17;411.39;21.85;100;20.63;100;0.0;69.85;7.41
2016;10/04/2025 7:43;984.86;1600;22.85;95.65;21.7;100;0.0;69.91;7.42
2017;10/04/2025 8:43;3917.92;6423.75;26.69;76.84;25.55;100;0.0;76.87;9.53
2018;10/04/2025 9:44;8339.44;16310.7;32.24;56.88;30.85;92.55;0.0;75.16;3.61
2019;10/04/2025 10:45;10422.5;28756.8;33.67;52.72;31.69;78.31;0.0;71.35;0.0
2020;10/04/2025 11:45;20411.1;46290;36.55;43.65;36.29;36.57;0.0;70.2;0.0
2021;10/04/2025 12:46;21151.4;39274;36.98;41.2;36.19;33.73;0.0;76.26;0.0
2022;10/04/2025 13:47;17848.6;38283.6;35.78;43.81;34.65;42.48;0.0;71.85;0.0
2023;10/04/2025 14:47;10060.6;24810.1;33.94;47.88;32.25;61.59;0.0;71.89;0.0
2024;10/04/2025 16:39;2630;6101.11;28.11;68.72;26.61;100;0.0;75.51;0.38
2025;10/04/2025 17:39;759.03;1812.92;25.2;78.88;24.09;100;0.0;69.87;1.2
2026;10/04/2025 18:40;33.06;79.17;23.42;88.53;21.72;100;0.0;78.26;1.24
2027;10/04/2025 19:41;0;0;22.4;96.23;20.47;100;0.0;69.06;0.0
2028;10/04/2025 20:41;0;0;22.26;97.04;20.37;100;0.0;75.19;0.36
2029;10/04/2025 21:42;0;0;22.02;97.13;20.07;100;0.0;68.85;0.0
2030;10/04/2025 22:42;0;0;21.9;99.76;20.23;100;0.0;66.55;0.0
2031;10/04/2025 23:43;0;0;21.78;99.7;19.96;100;0.0;71.52;0.5
2032;11/04/2025 0:44;0;0;21.6;99.86;19.86;100;0.0;65.58;0.0
2033;11/04/2025 1:44;0;0;21.4;100;19.8;100;0.0;63.74;0.0
2034;11/04/2025 2:45;0;0;21.48;100;19.82;100;0.0;75.07;0.43
2035;11/04/2025 3:46;0;0;21.22;100;19.53;100;0.0;73.26;0.23
2036;11/04/2025 4:46;0;0;21.08;100;19.43;100;0.0;69.03;0.0
2037;11/04/2025 5:47;0.14;0.28;21.01;100;19.42;100;0.0;69.0;0.06
2038;11/04/2025 6:47;383.33;865.42;21.06;100;19.43;100;0.0;75.99;1.79
2039;11/04/2025 12:11;26074.4;48022.6;34.2;47.37;33.31;50.18;0.0;70.37;0.0
2040;11/04/2025 13:11;15872.6;38119.2;35.89;42.51;33.58;46.69;0.0;72.06;0.0
2041;11/04/2025 14:12;10238.6;23819.2;32.35;52.14;29.4;91.38;0.0;65.86;0.0
2042;11/04/2025 15:13;8293.19;19625.7;31.83;53.5;29.78;84.86;0.0;65.35;0.0
2043;11/04/2025 16:13;7155;15009.6;33.9;47.67;30.94;70.55;0.0;73.14;0.0
2044;11/04/2025 17:14;2621.81;4418.06;31.82;50.6;29;77.07;0.0;71.92;0.0
2045;11/04/2025 18:35;146.53;303.89;25.22;73.47;24.07;100;0.0;66.41;0.0
2046;11/04/2025 19:36;0;0;23.19;87.1;22.31;100;0.0;66.01;0.0
2047;11/04/2025 20:36;0;0;22.59;93.32;21.42;100;0.0;77.02;0.0
2048;11/04/2025 21:37;0;0;22.45;94.75;21.17;100;0.0;64.87;0.0
2049;11/04/2025 22:37;0;0;22.5;95.39;21.24;100;0.0;68.32;0.0
2050;11/04/2025 23:38;0;0;22.28;97.07;20.98;100;0.0;62.66;0.0
2051;12/04/2025 0:49;0;0;21.92;99;20.87;100;0.0;63.21;0.0
2052;12/04/2025 1:50;0;0;21.05;100;20.18;100;0.0;68.93;0.07
2053;12/04/2025 2:50;0;0;21.19;100;20.02;100;0.0;71.7;0.79
2054;12/04/2025 3:51;0;0;21.53;100;20.19;100;0.0;69.93;0.85
2055;12/04/2025 4:51;0;0;21.44;99.98;20.1;100;0.0;69.12;5.19
2056;12/04/2025 5:52;1.81;4.03;20.98;100;19.55;100;0.0;61.52;2.22
2057;12/04/2025 7:03;547.78;1168.33;20.84;100;19.78;100;0.0;64.2;3.48
2058;12/04/2025 8:04;2290.69;2501.11;23.29;90.14;22.37;100;0.0;71.47;8.68
2059;12/04/2025 9:04;5695.97;4654.58;30.8;58.6;28.7;97.18;0.0;69.25;7.18
2060;21/04/2025 11:58;21166.5;38384.3;36.46;44.72;35.01;46.52;0.0;29.3;0.0
2061;21/04/2025 12:58;31754.3;48934.3;37.7;41.46;35.68;42.58;0.0;10.67;0.0
2062;21/04/2025 13:59;33069.7;54612.5;40.89;33.24;38.06;29.43;0.0;5.45;0.0
2063;21/04/2025 14:59;6193.47;14734.7;34.39;45.03;30.69;65.53;0.0;16.83;0.0
2064;21/04/2025 16:00;1804.72;4099.17;27.16;72.4;22.63;100;0.0;15.32;0.0
2065;21/04/2025 17:01;1476.94;3621.39;25.56;75.79;22.47;100;0.0;24.32;0.0
2066;21/04/2025 18:01;760.56;1798.33;24.56;80.48;22.12;100;0.0;18.04;0.0
2067;21/04/2025 19:02;6.81;16.11;23.64;86.22;21.74;100;0.0;27.03;0.0
2068;21/04/2025 20:03;0;0;23.13;87.31;21.4;100;0.0;22.18;0.0
2069;21/04/2025 21:03;0;0;22.82;91.19;21.22;100;0.0;14.97;0.0
2070;21/04/2025 22:04;0;0;22.52;91.81;20.9;100;0.0;23.56;0.0
2071;21/04/2025 23:04;0;0;22.34;93.52;20.79;100;0.0;21.99;0.0
2072;22/04/2025 0:05;0;0;22.35;92.97;20.83;100;0.0;21.46;0.0
2073;22/04/2025 1:06;0;0;22.39;93.95;20.91;100;0.0;16.72;0.0
2074;22/04/2025 2:17;0;0;21.95;96.06;20.75;100;0.0;26.24;0.0
2075;22/04/2025 3:17;0;0;21.22;97.31;20.11;100;0.0;17.09;0.0
2076;22/04/2025 4:18;0;0;21.16;96.82;19.89;100;0.0;19.44;0.0
2077;22/04/2025 5:19;0;0;21.24;95.31;19.79;100;0.0;24.0;0.0
2078;22/04/2025 6:50;870.97;1995.69;21.01;97.79;19.94;100;0.0;19.1;0.0
2079;22/04/2025 7:50;2931.25;6295.69;23.77;84.05;23.08;100;0.0;14.43;0.0
2080;22/04/2025 8:51;6125.83;10194.9;29.58;60.68;28.15;98.87;0.0;19.46;0.0
2081;22/04/2025 9:51;8160.28;17291.5;32.61;51.1;30.81;78.02;0.0;18.07;0.0
2082;22/04/2025 10:52;12301.5;34867.9;34.36;46.18;31.67;59.52;0.0;19.1;0.0
2083;22/04/2025 11:53;16936.9;42603.9;34.98;43.52;33.48;43.2;0.0;24.65;0.0
2084;22/04/2025 12:53;27603.8;53032.5;37.75;39.73;35.97;32.94;0.0;14.62;0.0
2085;22/04/2025 13:54;29918.9;50192.5;40.51;32.16;38.01;24.75;0.0;20.15;0.0
2086;22/04/2025 14:55;13144;37462.9;40.2;33.47;35.69;36.24;0.0;12.35;0.0
2087;22/04/2025 16:26;5619.17;11665.4;34.5;52.41;29.55;100;0.0;23.69;0.0
2088;22/04/2025 17:37;784.58;1859.58;22.34;91.62;19.94;100;0.0;24.47;0.0
2089;22/04/2025 19:18;0.69;1.67;21.37;99.77;19.78;100;0.0;22.64;0.0
2090;22/04/2025 20:18;0;0;21.01;100;19.51;100;0.0;11.96;0.0
2091;22/04/2025 21:19;0;0;21;100;19.38;100;0.0;15.65;0.0
2092;22/04/2025 22:20;0;0;21.08;100;19.35;100;0.0;13.07;0.0
2093;22/04/2025 23:20;0;0;20.81;100;19.03;100;0.0;20.91;0.0
2094;23/04/2025 0:21;0;0;20.75;100;19.05;100;0.0;17.64;0.0
2095;23/04/2025 1:21;0;0;20.66;100;18.92;100;0.0;11.8;0.0
2096;23/04/2025 2:22;0;0;20.55;100;18.93;100;0.0;13.17;0.0
2097;23/04/2025 3:23;0;0;20.89;99.83;19.09;100;0.0;23.31;0.0
2098;23/04/2025 4:23;0;0;20.88;100;19.18;100;0.0;16.97;0.0
2099;23/04/2025 5:24;0;0;21.09;99.94;19.33;100;0.0;20.24;0.0
2100;23/04/2025 6:25;303.33;707.92;21.01;99.97;19.2;100;0.0;15.54;0.0
2101;23/04/2025 7:25;2190.97;4823.19;22.56;93.48;20.07;100;0.0;9.89;0.0
2102;23/04/2025 8:26;3578.33;5908.33;26.22;75.24;21.72;100;0.0;19.17;0.0
2103;23/04/2025 9:27;7051.94;14483.9;29.6;62.43;24.04;100;0.0;18.34;0.0
2104;23/04/2025 10:27;10940.1;35510.4;33.78;49.35;31.05;74.2;0.0;13.46;0.0
2105;23/04/2025 11:28;21822.2;47713.5;35.9;44.81;34.14;45.2;0.0;13.46;0.0
2106;23/04/2025 12:28;30192.1;42317.2;37.82;41.7;36.87;32.57;0.0;23.26;0.0
2107;23/04/2025 13:29;34841.2;48382.9;37.44;39.68;35.84;32.21;0.0;20.72;0.0
2108;23/04/2025 14:30;21601.7;50122.2;37.37;39.78;34.83;37.96;0.0;11.14;0.0
2109;23/04/2025 15:30;13901.2;44605.1;42.87;28.12;37.74;25.29;0.0;20.13;0.0
2110;23/04/2025 16:31;5231.67;9700.69;39.86;32.43;34.89;31;0.0;24.33;0.0
2111;23/04/2025 17:32;600.14;1245.56;30.45;54.36;28.13;89.92;0.0;25.33;0.0
2112;23/04/2025 18:32;100.28;221.39;27.22;64.21;26.02;100;0.0;22.29;0.0
2113;23/04/2025 19:33;0;0;25.57;73.15;24.32;100;0.0;25.8;0.0
2114;23/04/2025 20:33;0;0;24.3;83.26;22.99;100;0.0;29.31;0.0
2115;23/04/2025 21:34;0;0;23.89;86.7;22.57;100;0.0;13.14;0.0
2116;23/04/2025 22:35;0;0;23.22;90.15;21.9;100;0.0;30.37;0.0
2117;23/04/2025 23:35;0;0;22.89;93.07;21.6;100;0.0;27.26;0.0
2118;24/04/2025 0:56;0;0;22.82;94.91;21.83;100;0.0;30.19;0.0
2119;24/04/2025 1:57;0;0;22.56;95.83;21.61;100;0.0;26.96;0.0
2120;24/04/2025 3:38;0;0;21.96;99.65;20.77;100;0.0;30.56;0.0
2121;24/04/2025 5:09;0;0;21.39;100;20.45;100;0.0;13.42;0.0
2122;24/04/2025 6:10;32.78;80.42;21.35;100;20.38;100;0.0;29.38;0.0
2123;24/04/2025 7:31;1679.44;3959.86;22.95;96.04;22.06;100;0.0;21.6;0.0
2124;24/04/2025 8:31;4019.17;8766.81;25.58;81.37;24.97;100;0.0;35.48;0.0
2125;24/04/2025 9:32;6132.36;11483.9;30.03;59.76;29.15;91.07;0.0;33.56;0.0
2126;24/04/2025 10:33;13500.7;42779.6;35;44.62;34.46;36.87;0.0;25.89;0.0
2127;24/04/2025 11:33;24150;53134;36.83;39.11;35.77;30.3;0.0;39.52;0.0
2128;24/04/2025 12:34;43279.9;54612.5;38.03;36.82;37.13;26.32;0.0;41.03;0.0
2129;24/04/2025 13:34;13666;32546.1;36.05;41.04;34.32;33.75;0.0;36.61;0.0
2130;24/04/2025 14:35;19408.8;48508.1;40.21;32.59;38.04;24.98;0.0;43.25;0.0
2131;24/04/2025 15:36;11176.7;33216.8;42;28.98;38.02;21.45;0.0;41.3;0.0
2132;24/04/2025 16:36;6826.53;13569.3;41.62;28.01;37.49;21.73;0.0;29.4;0.0
2133;24/04/2025 17:37;1385.56;2800;34.32;40.64;33.76;29.43;0.0;33.69;0.0
2134;24/04/2025 19:42;0;0;26.79;70.04;26.15;100;0.0;36.63;0.0
2135;24/04/2025 20:43;0;0;25.22;80.95;24.38;100;0.0;34.82;0.0
2136;24/04/2025 21:44;0;0;24.46;86.17;23.39;100;0.0;36.35;0.0
2137;24/04/2025 22:44;0;0;24;88.5;22.75;100;0.0;31.53;0.0
2138;24/04/2025 23:45;0;0;23.43;91.28;22.19;100;0.0;39.06;0.0
2139;25/04/2025 0:45;0;0;23.35;92.05;22.16;100;0.0;42.27;0.0
2140;25/04/2025 1:46;0;0;23.37;91.88;22.22;100;0.0;33.41;0.0
2141;25/04/2025 2:57;0;0;23.27;93.03;22.33;100;0.0;38.16;0.0
2142;25/04/2025 3:58;0;0;22.8;97.25;21.92;100;0.0;38.27;0.0
2143;25/04/2025 4:58;0;0;22.55;97.15;21.44;100;0.0;41.76;0.0
2144;25/04/2025 5:59;9.44;23.06;22.93;94.52;21.75;100;0.0;39.18;0.0
2145;25/04/2025 6:59;807.92;1882.08;23.42;91.22;22.42;100;0.0;30.81;0.0
2146;25/04/2025 8:00;3396.53;7004.17;26.5;78.19;25.87;100;0.0;33.7;0.0
2147;25/04/2025 9:01;5668.75;12240.8;29.25;65.73;28.43;97.8;0.0;38.24;0.0
2148;25/04/2025 10:01;9613.75;21343.3;34.09;50.16;33.13;60.52;0.0;42.53;0.0
2149;25/04/2025 11:02;14872.5;48412.2;36.39;43.94;35.34;40.25;0.0;40.34;0.0
2150;25/04/2025 12:03;27885.3;54612.5;38.37;38.07;37.07;29.83;0.0;41.12;0.0
2151;25/04/2025 13:03;28196.9;47219.9;39.86;36.72;38.09;27.53;0.0;44.16;0.0
2152;25/04/2025 14:04;17930.6;29800.3;39.91;35.06;38.1;26.09;0.0;49.05;0.0
2153;25/04/2025 15:05;620.69;1356.67;27.95;66.26;23.77;91.3;0.0;48.82;0.0
2154;25/04/2025 17:47;165.42;385;22.41;97.88;20.69;100;0.0;31.53;0.0
2155;25/04/2025 18:47;9.03;21.11;22.23;99.11;20.53;100;0.0;40.3;0.0
2156;25/04/2025 19:48;0;0;22.36;99.39;20.54;100;0.0;53.08;0.0
2157;25/04/2025 20:48;0;0;22.43;99.54;20.57;100;0.0;40.11;0.0
2158;25/04/2025 21:49;0;0;22.28;99.96;20.51;100;0.0;41.49;0.0
2159;25/04/2025 22:50;0;0;22.38;99.72;20.64;100;0.0;49.11;0.0
2160;25/04/2025 23:50;0;0;22.49;98.61;20.6;100;0.0;49.1;0.0
2161;26/04/2025 0:51;0;0;22.31;99.98;20.51;100;0.0;40.48;0.0
2162;26/04/2025 2:42;0;0;22.02;100;20.61;100;0.0;36.13;0.0
2163;26/04/2025 3:43;0;0;21.79;100;20.58;100;0.0;45.92;0.0
2164;26/04/2025 5:04;0;0;21.61;100;20.01;100;0.0;43.17;0.0
2165;26/04/2025 6:04;10.42;24.31;21.28;100;19.96;100;0.0;51.97;0.0
2166;26/04/2025 7:05;470.69;1097.64;21.98;99.84;20.29;100;0.0;53.88;0.0
2167;26/04/2025 8:06;2196.53;4896.11;23.62;93.25;21.13;100;0.0;46.72;0.0
2168;26/04/2025 9:06;5557.5;12807.4;27.65;73.71;22.99;100;0.0;50.1;0.0
2169;26/04/2025 10:47;11949.7;33748.5;31.68;58.96;27.07;100;0.0;55.76;0.0
2170;26/04/2025 11:48;30905.3;54612.5;36.53;38.18;35.94;31.13;0.0;53.13;0.0
2171;26/04/2025 13:09;35526.2;48679.3;38.11;39.77;36.6;29.3;0.0;51.25;0.0
2172;26/04/2025 14:10;29967.4;50930.8;40.59;32.83;38.8;23;0.0;55.36;0.0
2173;26/04/2025 15:10;5907.36;15374.7;33.88;44.4;31.21;47.14;0.0;64.16;0.0
2174;26/04/2025 16:11;7234.44;16469;33.05;47.26;30.99;51.9;0.0;55.47;0.0
2175;26/04/2025 17:12;3279.86;7468.89;30.88;48.86;28.95;62.52;0.0;47.62;0.0
2176;26/04/2025 18:12;410.56;957.36;25.4;70.06;23.52;100;0.0;65.29;0.0
2177;26/04/2025 19:13;0.97;2.36;24.32;81.52;22.98;100;0.0;56.91;0.0
2178;26/04/2025 20:13;0;0;23.75;87.62;22.16;100;0.0;45.66;0.0
2179;26/04/2025 22:15;0;0;22.51;93.97;21.51;100;0.0;55.86;0.0
2180;26/04/2025 23:16;0;0;22.11;96.13;21.15;100;0.0;57.23;0.0
2181;27/04/2025 0:16;0;0;21.86;98.17;20.73;100;0.0;53.01;0.0
2182;27/04/2025 1:57;0;0;22.23;99.17;21.25;100;0.0;57.59;0.0
2183;27/04/2025 2:58;0;0;22.15;99.32;21.38;100;0.0;51.72;0.0
2184;27/04/2025 3:59;0;0;22.27;96.53;21.2;100;0.0;55.78;0.0
2185;27/04/2025 5:40;0;0.14;22.18;97.8;21.17;100;0.0;47.93;0.0
2186;27/04/2025 6:40;308.89;735.42;22.06;98.65;21.31;100;0.0;51.01;0.0
2187;27/04/2025 7:41;2352.36;4982.08;24.49;85.29;23.74;100;0.0;64.32;0.0
2188;27/04/2025 8:42;5114.72;6750.42;30.29;60.72;29.09;96.1;0.0;42.38;0.0
2189;27/04/2025 9:42;7731.94;15617.9;32.76;52.75;30.92;81.31;0.0;54.96;0.0
2190;27/04/2025 11:03;16948.5;47777.5;34.9;46.17;34.11;48;0.0;56.82;0.0
2191;27/04/2025 12:04;34756.5;54612.5;37.35;39.89;35.75;32.03;0.0;62.81;0.0
2192;27/04/2025 13:04;29287.9;43724.9;38.04;37.56;35.94;30.44;0.0;70.91;0.0
2193;27/04/2025 14:05;31850.1;54612.5;41.14;31.1;39.19;21.3;0.0;60.85;0.0
2194;27/04/2025 15:06;14008.1;43831.1;43.29;28.03;39.78;20.5;0.0;51.02;0.0
2195;27/04/2025 16:06;2726.81;5568.33;34.89;43.79;32.14;49.85;0.0;66.89;0.0
2196;27/04/2025 17:07;1703.89;3872.78;29.79;66.22;25.07;98.86;0.0;52.12;0.0
2197;27/04/2025 18:08;519.17;1186.67;26.49;79.51;23.71;100;0.0;47.32;0.0
2198;27/04/2025 19:59;0;0;24.35;86.36;22.71;100;0.0;53.34;0.0
2199;27/04/2025 21:30;0;0;23.65;97.95;22.11;100;0.0;47.23;0.0
2200;27/04/2025 22:30;0;0;22.96;98.24;21.27;100;0.0;58.27;0.0
2201;27/04/2025 23:31;0;0;22.74;99.57;20.97;100;0.0;53.7;0.0
2202;28/04/2025 0:32;0;0;22.74;99.31;20.92;100;0.0;42.67;0.0
2203;28/04/2025 1:32;0;0;22.81;99.49;20.99;100;0.0;42.55;0.0
2204;28/04/2025 3:24;0;0;22.22;98.99;20.47;100;0.0;47.33;0.0
2205;28/04/2025 4:24;0;0;21.59;100;20.25;100;0.0;48.88;0.0
2206;28/04/2025 5:25;0;0;21.71;100;20.2;100;0.0;53.63;0.0
2207;28/04/2025 6:25;55;126.81;21.83;100;20.07;100;0.0;50.93;0.0
2208;28/04/2025 7:26;621.67;1438.19;22.14;99.89;20.37;100;0.0;60.8;0.0
2209;28/04/2025 8:27;1949.44;4442.08;22.96;97.57;20.97;100;0.0;58.32;0.0
2210;28/04/2025 9:28;5000.69;11569.6;25.1;86.21;21.84;100;0.0;56.37;0.0
2211;28/04/2025 10:28;8589.03;22215.3;28.82;69.79;23.55;100;0.0;63.99;0.0
2212;28/04/2025 11:29;8367.36;20971.7;31.05;59.19;25.28;100;0.0;58.92;0.0
2213;28/04/2025 12:29;31308.2;49831.4;34.39;49.51;31.85;70.74;0.0;60.14;0.0
2214;28/04/2025 13:30;35964.4;47397.5;37.41;40.52;35.62;34.75;0.0;63.28;0.0
2215;28/04/2025 14:31;23365.4;54047.1;40.41;33.46;37.07;27;0.0;59.57;0.0
2216;28/04/2025 15:31;14958.2;44933.1;42.75;29.14;38.4;24.39;0.0;57.32;0.0
2217;28/04/2025 17:22;1299.72;3087.92;29.32;61.08;27.63;98.67;0.0;60.1;0.0
2218;28/04/2025 18:23;155.69;354.31;26.57;73.42;25.64;100;0.0;40.39;0.0
2219;28/04/2025 19:24;0;0;25.65;76.94;24.74;100;0.0;57.95;0.0
2220;28/04/2025 20:24;0;0;25.34;77.95;24.26;100;0.0;50.29;0.0
2221;28/04/2025 21:25;0;0;24.92;80.95;23.66;100;0.0;63.06;0.0
2222;28/04/2025 22:26;0;0;24.46;86.62;23.12;100;0.0;53.79;0.42
2223;28/04/2025 23:26;0;0;24.16;87.45;22.87;100;0.0;52.52;0.0
2224;29/04/2025 0:27;0;0;24.01;90.64;22.66;100;0.0;53.41;0.0
2225;29/04/2025 1:28;0;0;23.15;95.49;22.04;100;0.0;59.83;0.54
2226;29/04/2025 2:39;0;0;22.56;99.25;21.71;100;0.0;54.98;0.63
2227;29/04/2025 3:39;0;0;22.5;99.59;21.69;100;0.0;56.71;0.0
2228;29/04/2025 4:40;0;0;22.73;98.89;21.61;100;0.0;59.43;0.23
2229;29/04/2025 5:40;0.14;0.42;22.4;99.85;21.06;100;0.0;53.79;0.64
2230;29/04/2025 6:41;362.08;866.53;22.49;99.94;21.28;100;0.0;52.17;0.71
2231;29/04/2025 7:42;1490.42;3012.64;23.92;90.68;22.97;100;0.0;61.71;0.92
2232;29/04/2025 8:42;4420;8177.78;27.9;73.24;27.02;100;0.0;60.35;0.83
2233;29/04/2025 9:43;8233.75;11916.7;33.26;53.97;32.09;69.68;0.0;60.74;0.55
2234;29/04/2025 10:44;13884.3;49636.2;37.16;41.58;36.21;33.88;0.0;56.81;0.0
2235;29/04/2025 11:44;29020.8;54612.5;38.12;38.15;36.93;28.72;0.0;52.33;0.0
2236;29/04/2025 12:45;36378.2;51201.1;39.35;36.68;38.46;27.13;0.0;55.59;0.0
2237;29/04/2025 13:46;30466.7;46986.9;41.24;32.53;38.97;22.67;0.0;61.33;0.0
2238;29/04/2025 14:46;10372.6;28750.8;39.02;34.41;36;26.74;0.0;62.78;0.0
2239;29/04/2025 15:47;7902.5;22529.3;36.98;38.75;34.27;34.99;0.0;53.47;0.0
2240;29/04/2025 17:08;983.89;2217.22;23.82;91;21.2;100;0.0;39.95;0.0
2241;29/04/2025 18:08;221.11;505.42;23.12;96.98;21.15;100;0.0;63.53;0.52
2242;29/04/2025 19:09;1.25;3.19;22.86;98.14;20.94;100;0.0;52.41;0.32
2243;29/04/2025 21:00;0;0;22.46;99.8;20.89;100;0.0;50.31;0.0
2244;29/04/2025 22:01;0;0;22.41;100;20.88;100;0.0;51.94;0.01
2245;29/04/2025 23:01;0;0;22.68;99.53;20.85;100;0.0;64.15;2.66
2246;30/04/2025 0:23;0;0;22.24;100;20.89;100;0.0;53.73;1.26
2247;30/04/2025 2:04;0;0;21.88;100;20.62;100;0.0;51.87;1.17
2248;30/04/2025 3:04;0;0;21.78;100;20.67;100;0.0;60.28;3.02
2249;30/04/2025 4:15;0;0;21.47;99.93;19.76;100;0.0;37.1;0.46
2250;30/04/2025 5:16;0;0;20.85;100;19.5;100;0.0;53.85;2.82
2251;30/04/2025 6:17;26.81;64.17;21.15;100;19.57;100;0.0;43.58;1.4
2252;30/04/2025 7:17;277.64;649.31;21.54;100;19.72;100;0.0;47.52;2.52
2253;30/04/2025 8:18;845.97;2023.89;21.91;99.26;19.99;100;0.0;56.26;4.2
2254;30/04/2025 9:18;2833.47;6501.53;23.36;92.18;20.67;100;0.0;62.49;7.02
2255;30/04/2025 10:19;8153.75;19854.9;27.2;73.67;22.37;100;0.0;62.84;6.91
2256;30/04/2025 11:20;17476.1;43550.1;32.29;54.16;25.13;100;0.0;67.51;5.97
2257;30/04/2025 12:51;28052.6;50277.6;35.68;46.16;34.19;52.4;0.0;67.81;0.68
2258;30/04/2025 13:51;25177.4;46226.4;36.54;42.87;34.88;40.47;0.0;60.78;0.0
2259;30/04/2025 14:52;14996.5;50902.5;38.06;39.44;34.58;41.8;0.0;66.38;0.0
2260;30/04/2025 15:53;12038.2;33008.3;38.9;36.21;34.87;37.61;0.0;58.09;0.0
2261;30/04/2025 16:53;2862.08;6772.22;30.64;54.39;28.32;87.42;0.0;60.9;0.0
2262;30/04/2025 17:54;423.06;976.94;27.53;67.36;25.92;100;0.0;54.82;0.0
2263;30/04/2025 19:45;0;0;24.89;85.15;23.51;100;0.0;45.14;0.17
2264;30/04/2025 20:46;0;0;23.71;90.64;22.76;100;0.0;51.18;3.48
2265;30/04/2025 21:46;0;0;23.41;91.23;22.32;100;0.0;67.83;7.59
2266;30/04/2025 22:47;0;0;23.09;93.03;22.15;100;0.0;53.52;5.32
2267;30/04/2025 23:48;0;0;22.46;99.73;21.58;100;0.0;54.75;5.75
2268;1/05/2025 0:48;0;0;22.41;99.6;21.29;100;0.0;56.1;7.92
2269;1/05/2025 1:49;0;0;22.67;97.11;21.46;100;0.0;50.6;6.71
2270;1/05/2025 2:50;0;0;22.53;94.83;21.28;100;0.0;46.34;5.67
2271;1/05/2025 3:50;0;0;22.49;95.52;21.3;100;0.0;45.05;6.11
2272;1/05/2025 4:51;0;0;22.21;96.89;20.91;100;0.0;46.71;8.32
2273;1/05/2025 5:52;2.36;5.69;22.29;99.64;20.99;100;0.0;57.72;13.65
2274;1/05/2025 7:33;2154.17;5098.06;23.42;95.12;22.29;100;0.0;59.67;15.29
2275;1/05/2025 8:33;3866.11;8928.89;25.69;84.49;24.91;100;0.0;57.64;14.0
2276;1/05/2025 9:34;6934.03;16946.4;29.16;67.32;28.29;100;0.0;50.9;9.55
2277;1/05/2025 10:35;9475.69;23906;31.59;58.44;31.1;84.29;0.0;55.08;9.43
2278;1/05/2025 11:35;11139.4;27885.4;34.26;47.51;32.97;52.34;0.0;54.42;5.8
2279;1/05/2025 12:36;19904;47686;35.5;45.78;35.4;36.97;0.0;59.42;2.76
2280;1/05/2025 13:37;38491.5;54612.5;38.51;39.4;37;32.14;0.0;60.64;0.0
2281;1/05/2025 14:37;20914;54612.5;42.76;31.5;39.21;23.53;0.0;65.23;0.0
2282;1/05/2025 15:38;9304.31;32207.2;41.42;32.14;37.45;26.44;0.0;54.07;0.0
2283;1/05/2025 17:29;751.94;1849.44;26.9;72.85;25.02;100;0.0;68.57;4.12
2284;1/05/2025 18:30;35.83;83.75;24.11;85.5;22.34;100;0.0;55.56;2.4
2285;1/05/2025 19:30;0;0;23.65;92.68;22.08;100;0.0;51.38;4.55
2286;1/05/2025 21:01;0;0;23.34;96.26;21.78;100;0.0;58.97;8.12
2287;1/05/2025 22:02;0;0;22.77;99.69;21.33;100;0.0;48.61;7.61
2288;1/05/2025 23:03;0;0;22.78;98.1;21.28;100;0.0;51.09;8.6
2289;2/05/2025 0:03;0;0;22.69;97.19;21.18;100;0.0;58.23;11.17
2290;2/05/2025 1:04;0;0;22.43;98.89;20.93;100;0.0;53.0;8.83
2291;2/05/2025 2:05;0;0;22.27;99.29;20.84;100;0.0;52.97;8.99
2292;2/05/2025 3:05;0;0;21.91;99.86;20.75;100;0.0;55.21;13.4
2293;2/05/2025 4:06;0;0;21.74;100;20.79;100;0.0;59.78;15.47
2294;2/05/2025 5:07;0;0;22.08;99.5;20.85;100;0.0;58.55;15.84
2295;2/05/2025 6:07;19.44;45.83;22.19;99.39;20.84;100;0.0;49.69;11.29
2296;2/05/2025 7:08;622.22;1380.97;22.62;98.14;21.4;100;0.0;53.34;15.15
2297;2/05/2025 8:09;1878.06;4440.28;24.05;87.97;22.79;100;0.0;53.47;15.55
2298;2/05/2025 9:09;5295.69;12050.6;27.04;73.93;25.95;100;0.0;59.23;17.62
2299;2/05/2025 10:10;10878.9;26311.9;33.32;54.19;32.56;75.65;0.0;60.26;16.47
2300;2/05/2025 11:10;16201.9;54612.5;34.7;50;33.4;69.4;0.0;61.89;10.2
2301;2/05/2025 12:11;20477.8;49908.3;35.02;49.08;34.12;53.64;0.0;65.59;7.08
2302;2/05/2025 13:12;27561;47285.7;38.55;40.09;37.77;30.81;0.0;45.27;0.0
2303;2/05/2025 14:12;21325.3;54167.2;39.46;37.23;36.86;28.3;0.0;65.9;0.0
2304;2/05/2025 15:13;10261.1;29343.5;37.53;37.88;35.33;30.1;0.0;60.41;0.0
2305;2/05/2025 16:14;3857.92;9064.58;32.9;51.35;30.84;74.69;0.0;54.25;0.0
2306;5/06/2025 11:37;14314.6;45869.3;37.04;44.26;37.03;32.39;0.0;0.0;0.0
2307;5/06/2025 12:37;18018.3;40413.3;37.22;43.54;37.13;32.1;0.0;0.0;0.0
2308;5/06/2025 13:38;8821.94;26034.4;35.01;47.82;33.74;39.15;0.0;0.0;0.0
2309;5/06/2025 14:38;8393.61;26885.7;37.31;41.59;35.73;36;0.0;0.0;0.0
2310;5/06/2025 15:39;4710.14;11878.3;29.85;70.37;27.38;100;0.0;0.0;0.0
2311;5/06/2025 16:40;2003.89;4987.5;26.91;78.65;24.95;100;0.0;0.0;0.0
2312;5/06/2025 17:40;1561.53;3955.56;26.49;76.48;25.41;100;0.0;0.0;0.0
2313;5/06/2025 18:41;91.81;229.86;24.75;88.71;23.44;100;0.0;0.0;0.0
2314;5/06/2025 19:42;0;0;23.75;97.8;22.74;100;0.0;0.0;0.0
2315;5/06/2025 20:42;0;0;23.75;100;22.77;100;0.0;0.0;0.0
2316;5/06/2025 21:43;0;0;23.57;100;22.47;100;0.0;0.0;0.0
2317;5/06/2025 22:44;0;0;23.38;100;22.48;100;0.0;0.0;0.0
2318;5/06/2025 23:44;0;0;22.69;100;21.9;100;0.0;0.0;0.0
2319;6/06/2025 0:45;0;0;22.16;100;21.57;100;0.0;0.0;0.0
2320;6/06/2025 1:46;0;0;22.81;100;21.99;100;0.0;0.0;0.0
2321;6/06/2025 2:46;0;0;23.21;100;22.19;100;0.0;0.0;0.0
2322;6/06/2025 3:47;0;0;22.68;100;21.53;100;0.0;0.0;0.0
2323;6/06/2025 4:47;0;0;22.46;100;21.38;100;0.0;0.0;0.0
2324;6/06/2025 5:48;4.31;11.11;22.51;100;21.38;100;0.0;0.0;0.0
2325;6/06/2025 6:49;391.94;998.47;22.73;100;21.62;100;0.0;0.0;0.0
2326;6/06/2025 7:49;2024.31;4511.81;24.4;97.98;23.6;100;0.0;0.0;0.0
2327;6/06/2025 9:06;5362.22;9945.83;29.65;74.68;28.9;100;0.0;0.0;0.0
2328;6/06/2025 10:07;5848.75;14223.8;33.78;54.37;33.2;78.78;0.0;0.0;0.0
2329;6/06/2025 11:08;12369.6;39973.3;34.95;51.75;34.57;54.34;0.0;0.0;0.0
2330;6/06/2025 12:08;20042.8;51471.9;37.85;40.48;37.77;25.95;0.0;0.0;0.0
2331;6/06/2025 13:09;17785.7;44527.1;37.93;39.1;36.98;26.88;0.0;0.0;0.0
2332;6/06/2025 14:10;15808.5;48103.3;39.26;37.59;37.65;23.05;0.0;0.0;0.0
2333;6/06/2025 15:10;1948.89;5011.25;32.22;57.35;28.98;76.23;0.0;0.0;0.0
2334;6/06/2025 16:11;571.25;1443.33;23.94;96.11;21.01;100;0.0;0.0;0.0
2335;6/06/2025 17:12;696.53;1745.69;23.05;99.83;21.04;100;0.0;0.0;0.0
2336;6/06/2025 18:12;129.44;316.67;22.31;100;20.84;100;0.0;0.0;0.0
2337;6/06/2025 19:53;0;0;21.93;100;20.64;100;0.0;0.0;0.0
2338;6/06/2025 20:54;0;0;21.59;100;20.66;100;0.0;0.0;0.0
2339;6/06/2025 21:55;0;0;21.79;100;20.6;100;0.0;0.0;0.0
2340;6/06/2025 22:55;0;0;21.9;100;20.56;100;0.0;0.0;0.0
2341;7/06/2025 0:06;0;0;21.57;100;20.39;100;0.0;0.0;0.0
2342;7/06/2025 1:07;0;0;20.95;100;19.9;100;0.0;0.0;0.0
2343;7/06/2025 2:07;0;0;20.54;100;19.07;100;0.0;0.0;0.0
2344;7/06/2025 3:08;0;0;20.25;100;18.89;100;0.0;0.0;0.0
2345;7/06/2025 4:09;0;0;20.16;100;18.72;100;0.0;0.0;0.0
2346;7/06/2025 5:50;9.58;24.31;19.41;100;18.57;100;0.0;0.0;0.0
2347;7/06/2025 6:51;497.92;1166.39;19.76;100;18.98;100;0.0;0.0;0.0
2348;7/06/2025 7:51;1860.14;4410.14;22.35;99.7;21.14;100;0.0;0.0;0.0
2349;7/06/2025 10:03;5773.19;14998.6;27.54;69.25;26.53;100;0.0;0.0;0.0
2350;7/06/2025 12:04;17649.6;52486.4;35.27;45.39;35.31;35.09;0.0;0.0;0.0
2351;7/06/2025 13:05;20954.6;51504.4;36.05;44.38;35.92;39.02;0.0;0.0;0.0
2352;7/06/2025 14:06;16257.8;54361.2;39.65;36.03;37.69;23.34;0.0;0.0;0.0
2353;7/06/2025 15:16;10687.2;40353.3;42.15;26.89;39.7;15.6;0.0;0.0;0.0
2354;7/06/2025 16:17;6035.56;13497.5;39.13;29.13;37.85;14.64;0.0;0.0;0.0
2355;7/06/2025 17:18;1968.47;4086.39;33.51;38.16;32.95;21.69;0.0;0.0;0.0
2356;7/06/2025 18:18;297.22;699.03;29.34;50.77;28.41;74.79;0.0;0.0;0.0
2357;7/06/2025 20:40;0;0;24.52;88.66;24.12;100;0.0;0.0;0.0
2358;7/06/2025 21:41;0;0;23;99.78;22.61;100;0.0;0.0;0.0
2359;7/06/2025 22:41;0;0;22.53;100;21.73;100;0.0;0.0;0.0
2360;7/06/2025 23:42;0;0;22.33;100;21.41;100;0.0;0.0;0.0
2361;8/06/2025 1:34;0;0;21.54;100;21.03;100;0.0;0.0;0.0
2362;8/06/2025 2:34;0;0;21.89;100;21.38;100;0.0;0.0;0.0
2363;8/06/2025 4:15;0;0;21.16;100;20.33;100;0.0;0.0;0.0
2364;8/06/2025 5:16;0;0;20.58;100;19.91;100;0.0;0.0;0.0
2365;8/06/2025 6:17;153.47;355.14;20.79;100;19.86;100;0.0;0.0;0.0
2366;8/06/2025 7:17;1475.42;2980.14;22.78;99.2;22.08;100;0.0;0.0;0.0
2367;8/06/2025 8:18;3095.56;4388.75;27.42;79.54;26.62;100;0.0;0.0;0.0
2368;8/06/2025 10:09;8471.94;19071.1;35.35;49.41;34.63;52.84;0.0;0.0;0.0
2369;8/06/2025 11:30;10640;30662.5;35.48;47.67;34.94;42.47;0.0;0.0;0.0
2370;8/06/2025 12:41;14371;35728.3;36.98;44.14;36.53;30.9;0.0;0.0;0.0
2371;8/06/2025 13:42;15797.4;41386.2;37.81;42.36;37.47;27.63;0.0;0.0;0.0
2372;8/06/2025 14:43;8501.67;21798.5;37.79;38.53;36.96;26.01;0.0;0.0;0.0
2373;8/06/2025 18:35;70.83;178.33;28.04;67.27;27.6;95.22;0.0;0.0;0.0
2374;8/06/2025 20:16;0;0;25.24;81.1;25.15;100;0.0;0.0;0.0
2375;8/06/2025 21:17;0;0;23.93;95.77;23.5;100;0.0;0.0;0.0
2376;8/06/2025 22:18;0;0;23.71;99.77;23.1;100;0.0;0.0;0.0
2377;8/06/2025 23:18;0;0;23.37;100;22.42;100;0.0;0.0;0.0
2378;9/06/2025 0:19;0;0;22.84;100;21.89;100;0.0;0.0;0.0
2379;9/06/2025 3:01;0;0;22.07;100;21.65;100;0.0;0.0;0.0
2380;9/06/2025 4:02;0;0;21.84;100;21.13;100;0.0;0.0;0.0
2381;9/06/2025 5:02;0;0;21.87;100;20.98;100;0.0;0.0;0.0
2382;9/06/2025 6:53;447.36;1133.47;22.27;100;21.41;100;0.0;0.0;0.0
2383;9/06/2025 7:54;2291.11;5364.03;23.81;98.88;23.39;100;0.0;0.0;0.0
2384;9/06/2025 8:55;4817.08;9205;28.54;78.13;28.4;100;0.0;0.0;0.0
2385;9/06/2025 9:55;7562.5;12879.4;34.21;56.53;32.93;76.37;0.0;0.0;0.0
2386;9/06/2025 10:56;10409.3;40452.8;37.38;47.11;36.63;35.46;0.0;0.0;0.0
2387;9/06/2025 11:57;5394.44;14974.4;34.09;53.81;32.59;75.99;0.0;0.0;0.0
2388;9/06/2025 14:08;15850.8;51993.3;36.87;43.58;36.3;39.94;0.0;0.0;0.0
2389;9/06/2025 15:29;8936.94;26585.8;38.19;39.59;36.84;32.62;0.0;0.0;0.0
2390;9/06/2025 16:30;4067.08;9693.06;34.58;45.81;33.59;50.22;0.0;0.0;0.0
2391;9/06/2025 17:31;813.19;2009.03;28.65;66.72;27.48;100;0.0;0.0;0.0
2392;9/06/2025 18:31;154.31;395.56;25.76;81.24;24.79;100;0.0;0.0;0.0
2393;9/06/2025 19:32;0;0;24.87;86.31;23.87;100;0.0;0.0;0.0
2394;9/06/2025 20:33;0;0;23.88;93.01;22.54;100;0.0;0.0;0.0
2395;9/06/2025 22:04;0;0;22.8;100;22.01;100;0.0;0.0;0.0
2396;9/06/2025 23:04;0;0;22.12;100;20.76;100;0.0;0.0;0.0
2397;10/06/2025 0:05;0;0;22.13;100;20.67;100;0.0;0.0;0.0
2398;10/06/2025 1:06;0;0;21.99;100;20.42;100;0.0;0.0;0.0
2399;10/06/2025 2:06;0;0;21.93;100;20.54;100;0.0;0.0;0.0
2400;10/06/2025 3:28;0;0;21.74;100;20.67;100;0.0;0.0;0.0
2401;10/06/2025 4:28;0;0;21.7;100;20.73;100;0.0;0.0;0.0
2402;10/06/2025 6:09;43.75;113.19;21.88;100;20.72;100;0.0;0.0;0.0
2403;10/06/2025 8:00;1240.42;3041.81;22.36;100;21.23;100;0.0;0.0;0.0
2404;10/06/2025 9:01;3962.5;10122.9;24.93;96.57;23.23;100;0.0;0.0;0.0
2405;10/06/2025 10:02;5207.22;13668.3;26.9;86.54;24.65;100;0.0;0.0;0.0
2406;10/06/2025 11:33;11525.3;34302.5;32.07;64.24;31.45;84.91;0.0;0.0;0.0
2407;10/06/2025 12:34;17149.4;39079.7;34.55;54.87;32.84;69.18;0.0;0.0;0.0
2408;10/06/2025 14:45;6892.5;19829;31.14;61.72;29.54;79.87;0.0;0.0;0.0
2409;10/06/2025 16:27;2940.56;7700.42;29.27;61.83;28.22;70.07;0.0;0.0;0.0
2410;10/06/2025 17:27;894.44;1758.06;27.38;68.13;27.58;75.96;0.0;0.0;0.0
2411;10/06/2025 18:28;437.92;1042.5;26.82;78.61;25.98;100;0.0;0.0;0.0
2412;10/06/2025 19:29;0;0;24.95;98.74;23.3;100;0.0;0.0;0.0
2413;10/06/2025 20:29;0;0;23.88;100;22.34;100;0.0;0.0;0.0
2414;11/06/2025 0:22;0;0;21.87;100;20.84;100;0.0;0.0;0.0
2415;11/06/2025 1:23;0;0;21.43;100;20.53;100;0.0;0.0;0.0
2416;11/06/2025 2:24;0;0;21.6;100;20.55;100;0.0;0.0;0.0
2417;11/06/2025 3:24;0;0;21.82;100;20.41;100;0.0;0.0;0.0
2418;11/06/2025 4:25;0;0;21.48;100;20.31;100;0.0;0.0;0.0
2419;11/06/2025 6:16;59.17;152.5;21.04;100;20.21;100;0.0;0.0;0.0
2420;11/06/2025 7:17;883.33;2264.03;21.73;100;20.88;100;0.0;0.0;0.0
2421;11/06/2025 9:01;4512.78;11006.5;25.45;93.05;24.93;100;0.0;0.0;0.0
2422;11/06/2025 10:01;6730.69;17388.6;27.57;79.33;27.26;100;0.0;0.0;0.0
2423;11/06/2025 11:02;10013.8;32700;31.77;62.56;31.8;90.92;0.0;0.0;0.0
2424;11/06/2025 12:03;21691.9;54612.5;36.05;47.1;36.5;37.02;0.0;0.0;0.0
2425;11/06/2025 13:03;21460.8;49366.4;37.91;42.53;37.97;26.75;0.0;0.0;0.0
2426;11/06/2025 14:04;19343.5;53045.1;40.53;34.68;38.7;21.83;0.0;0.0;0.0
2427;11/06/2025 15:05;9213.75;25957.2;37.22;39.62;34.88;34.09;0.0;0.0;0.0
2428;11/06/2025 16:05;5030.14;12653.1;33.71;48.57;31.44;79.4;0.0;0.0;0.0
2429;11/06/2025 18:17;364.17;877.78;26.51;77.43;25.6;100;0.0;0.0;0.0
2430;11/06/2025 19:18;0.28;0.83;23.96;95.39;23.49;100;0.0;0.0;0.0
2431;11/06/2025 20:19;0;0;23.62;100;23.18;100;0.0;0.0;0.0
2432;11/06/2025 21:19;0;0;23.52;100;23.11;100;0.0;0.0;0.0
2433;11/06/2025 22:20;0;0;23.47;100;22.61;100;0.0;0.0;0.0
2434;11/06/2025 23:21;0;0;23.3;100;22.4;100;0.0;0.0;0.0
2435;12/06/2025 0:21;0;0;22.69;100;21.62;100;0.0;0.0;0.0
2436;12/06/2025 3:03;0;0;21.37;100;20.88;100;0.0;0.0;0.0
2437;12/06/2025 4:04;0;0;21.11;100;20.6;100;0.0;0.0;0.0
2438;12/06/2025 5:14;0;0;21.8;100;21.2;100;0.0;0.0;0.0
2439;12/06/2025 6:15;83.33;210;21.63;100;21.09;100;0.0;0.0;0.0
2440;12/06/2025 7:16;930.69;2319.86;22.82;100;22.17;100;0.0;0.0;0.0
2441;12/06/2025 8:16;1645.14;4314.17;24.14;98.98;23.28;100;0.0;0.0;0.0
2442;12/06/2025 9:57;6224.86;15387.1;27.66;82.04;28.12;100;0.0;0.0;0.0
2443;12/06/2025 10:58;13061.5;47601.7;34.86;55.02;34.97;50.67;0.0;0.0;0.0
2444;12/06/2025 11:59;12787.4;42091;35.89;47.73;34.74;43.81;0.0;0.0;0.0
2445;12/06/2025 12:59;16327.9;39907.9;37.55;44.36;36.88;34.88;0.0;0.0;0.0
2446;12/06/2025 14:00;20521.9;54612.5;39.94;38.42;38.63;25.65;0.0;0.0;0.0
2447;12/06/2025 16:32;4771.67;10857.4;34.22;46.23;33.45;49.11;0.0;0.0;0.0
2448;12/06/2025 19:04;0.42;1.39;22.39;100;20.77;100;0.0;0.0;0.0
2449;12/06/2025 20:14;0;0;21.97;100;20.56;100;0.0;0.0;0.0
2450;12/06/2025 21:14;0;0;21.84;100;20.68;100;0.0;0.0;0.0
2451;12/06/2025 22:15;0;0;22.26;100;20.89;100;0.0;0.0;0.0
2452;12/06/2025 23:16;0;0;21.99;100;20.47;100;0.0;0.0;0.0
2453;13/06/2025 0:16;0;0;21.84;100;20.4;100;0.0;0.0;0.0
2454;13/06/2025 1:17;0;0;21.74;100;20.04;100;0.0;0.0;0.0
2455;13/06/2025 2:17;0;0;21.32;100;19.69;100;0.0;0.0;0.0
2456;13/06/2025 3:18;0;0;21.01;100;19.41;100;0.0;0.0;0.0
2457;13/06/2025 4:19;0;0;20.94;100;19.42;100;0.0;0.0;0.0
2458;13/06/2025 5:19;0;0;20.88;100;19.38;100;0.0;0.0;0.0
2459;13/06/2025 6:20;86.67;222.22;20.84;100;19.32;100;0.0;0.0;0.0
2460;13/06/2025 7:21;869.03;2195.42;21.42;100;19.72;100;0.0;0.0;0.0
2461;13/06/2025 8:21;1492.64;3798.33;22.25;100;20.13;100;0.0;0.0;0.0
2462;13/06/2025 10:23;6702.5;17273.2;27.65;78.48;24.84;100;0.0;0.0;0.0
2463;13/06/2025 11:23;8722.92;24215.6;29.86;66.87;28.81;100;0.0;0.0;0.0
2464;13/06/2025 13:15;17129.7;37221.2;34.79;50.52;34.47;51.42;0.0;0.0;0.0
2465;13/06/2025 14:15;12049.6;35983.5;35.22;46.44;33.78;45.8;0.0;0.0;0.0
2466;13/06/2025 15:36;5704.86;15652.1;33.03;50.82;31.01;71.71;0.0;0.0;0.0
2467;13/06/2025 17:27;1327.64;3368.61;26.6;81.35;25.72;100;0.0;0.0;0.0
2468;13/06/2025 18:28;293.61;725.42;24.74;88.98;23.96;100;0.0;0.0;0.0
2469;13/06/2025 19:29;0;0;23.36;97.12;22.66;100;0.0;0.0;0.0
2470;13/06/2025 20:50;0;0;22.31;100;21.47;100;0.0;0.0;0.0
2471;13/06/2025 21:51;0;0;21.81;100;21.14;100;0.0;0.0;0.0
2472;13/06/2025 23:01;0;0;21.51;100;20.77;100;0.0;0.0;0.0
2473;14/06/2025 0:43;0;0;21.34;100;20.52;100;0.0;0.0;0.0
2474;14/06/2025 2:04;0;0;20.38;100;19.52;100;0.0;0.0;0.0
2475;14/06/2025 3:04;0;0;20.23;100;19.31;100;0.0;0.0;0.0
2476;14/06/2025 4:05;0;0;20.48;100;19.29;100;0.0;0.0;0.0
2477;14/06/2025 5:06;0;0;20.51;100;19.11;100;0.0;0.0;0.0
2478;14/06/2025 6:27;166.11;411.67;20.13;100;19.02;100;0.0;0.0;0.0
2479;14/06/2025 7:27;1078.33;2401.11;20.75;100;19.88;100;0.0;0.0;0.0
2480;14/06/2025 8:28;2801.53;6856.8;23.19;98.16;22.15;100;0.0;0.0;0.0
2481;14/06/2025 10:29;8989.17;28641.4;33.49;53.57;32.54;56.93;0.0;0.0;0.0
2482;14/06/2025 11:30;16005.1;54441.4;35.76;45.94;35.61;37.03;0.0;0.0;0.0
2483;14/06/2025 12:31;24982.9;54612.5;37.27;39.02;35.98;31.14;0.0;0.0;0.0
2484;14/06/2025 13:31;24032.1;54612.5;39.45;36.81;38.33;25.81;0.0;0.0;0.0
2485;14/06/2025 14:32;14644.7;54612.5;41.76;30.02;39.13;20.76;0.0;0.0;0.0
2486;14/06/2025 15:33;9537.64;31682.4;41.24;27.48;37.84;21.1;0.0;0.0;0.0
2487;14/06/2025 16:33;4168.75;9285.28;35;37.58;34.16;26.7;0.0;0.0;0.0
2488;14/06/2025 17:34;2020.56;5097.22;29.9;56.96;28.69;72.45;0.0;0.0;0.0
2489;14/06/2025 18:35;123.61;311.94;26.21;71.22;24.96;100;0.0;0.0;0.0
2490;14/06/2025 19:35;0;0;23.38;86.95;21.87;100;0.0;0.0;0.0
2491;14/06/2025 20:56;0;0;22.34;95.8;21.35;100;0.0;0.0;0.0
2492;14/06/2025 21:57;0;0;21.99;99.49;21.44;100;0.0;0.0;0.0
2493;14/06/2025 22:57;0;0;21.99;99.7;21.16;100;0.0;0.0;0.0
2494;14/06/2025 23:58;0;0;21.91;100;20.89;100;0.0;0.0;0.0
2495;15/06/2025 0:59;0;0;21.46;100;20.65;100;0.0;0.0;0.0
2496;15/06/2025 2:30;0;0;20.77;100;20.21;100;0.0;0.0;0.0
2497;15/06/2025 4:31;0;0;19.79;100;19.22;100;0.0;0.0;0.0
2498;15/06/2025 5:32;0;0.14;19.7;100;19.17;100;0.0;0.0;0.0
2499;15/06/2025 6:33;286.81;695.56;20.37;100;19.57;100;0.0;0.0;0.0
2500;15/06/2025 7:33;1879.31;3623.19;22.67;97.1;22.2;100;0.0;0.0;0.0
2501;15/06/2025 9:25;5755.83;13307.2;29.49;68.28;28.96;97.05;0.0;0.0;0.0
2502;15/06/2025 10:25;8324.44;19425.6;33.12;52.95;32.9;45.49;0.0;0.0;0.0
2503;15/06/2025 11:26;13906.5;44587.5;35.16;47.17;35.14;37.3;0.0;0.0;0.0
2504;15/06/2025 12:27;22495;54219.6;37.65;42.05;37.46;30.1;0.0;0.0;0.0
2505;15/06/2025 13:27;9006.81;26021.8;34.85;46.35;33.36;38.66;0.0;0.0;0.0
2506;15/06/2025 14:48;10016.7;40469;37.43;40.25;36.49;31.82;0.0;0.0;0.0
2507;15/06/2025 15:49;8194.31;18047.9;40.97;32.38;38.57;26.42;0.0;0.0;0.0
2508;15/06/2025 17:30;660.56;1370.28;30.6;55.34;30.08;52.33;0.0;0.0;0.0
2509;15/06/2025 18:31;229.86;571.94;27.85;70.29;27.44;92.03;0.0;0.0;0.0
2510;15/06/2025 19:31;0;0;26.49;83.55;25.71;100;0.0;0.0;0.0
2511;15/06/2025 20:32;0;0;25.22;96.91;23.18;100;0.0;0.0;0.0
2512;15/06/2025 22:23;0;0;23.2;100;22.19;100;0.0;0.0;0.0
2513;16/06/2025 0:25;0;0;22.02;100;21.37;100;0.0;0.0;0.0
2514;16/06/2025 2:16;0;0;22.06;100;21.46;100;0.0;0.0;0.0
2515;16/06/2025 3:17;0;0;21.94;100;21.28;100;0.0;0.0;0.0
2516;16/06/2025 4:17;0;0;21.52;100;20.61;100;0.0;0.0;0.0
2517;16/06/2025 5:18;0;0;21.41;100;20.41;100;0.0;0.0;0.0
2518;16/06/2025 6:19;122.08;298.89;21.54;100;20.51;100;0.0;0.0;0.0
2519;16/06/2025 8:10;2376.81;5990.28;24.76;94.59;24.26;100;0.0;0.0;0.0
2520;16/06/2025 9:10;5913.47;13056.2;28.7;76.93;28.49;100;0.0;0.0;0.0
2521;16/06/2025 10:42;8465.28;22008.2;34.57;50.48;33.16;73.06;0.0;0.0;0.0
2522;16/06/2025 11:42;11508.8;37745.7;34.47;48;34.01;44.54;0.0;0.0;0.0
2523;16/06/2025 12:43;13744.2;36114.7;35.85;47.07;36.15;36.87;0.0;0.0;0.0
2524;16/06/2025 13:43;8461.53;24289.7;34.91;47.94;33.32;51.41;0.0;0.0;0.0
2525;16/06/2025 14:44;2338.33;6150.56;28.54;74.98;25.85;100;0.0;0.0;0.0
2526;16/06/2025 17:16;1376.81;3352.78;25.47;91.07;24.3;100;0.0;0.0;0.0
2527;16/06/2025 18:47;40;99.58;23.51;99.81;22.71;100;0.0;0.0;0.0
2528;16/06/2025 19:48;0;0;22.81;100;22.06;100;0.0;0.0;0.0
2529;16/06/2025 20:48;0;0;22.55;100;21.59;100;0.0;0.0;0.0
2530;16/06/2025 21:49;0;0;22.12;100;20.93;100;0.0;0.0;0.0
2531;16/06/2025 22:50;0;0;21.58;100;20.7;100;0.0;0.0;0.0
2532;16/06/2025 23:51;0;0;21.13;100;20.4;100;0.0;0.0;0.0
2533;17/06/2025 0:51;0;0;21.06;100;20.4;100;0.0;0.0;0.0
2534;17/06/2025 2:22;0;0;20.87;100;19.89;100;0.0;0.0;0.0
2535;17/06/2025 4:03;0;0;20.34;100;19.56;100;0.0;0.0;0.0
2536;17/06/2025 5:04;0;0;20.63;100;20.02;100;0.0;0.0;0.0
2537;17/06/2025 6:05;22.36;60.83;20.86;100;19.77;100;0.0;0.0;0.0
2538;17/06/2025 8:16;2220.14;5232.36;23.83;99.22;22.86;100;0.0;0.0;0.0
2539;17/06/2025 9:17;5296.11;11447.8;27.02;86.37;26.55;100;0.0;0.0;0.0
2540;17/06/2025 10:18;7394.44;16975;32.46;59;31.1;92.92;0.0;0.0;0.0
2541;17/06/2025 11:18;13609.4;47847.9;34.73;53.85;34.04;45.19;0.0;0.0;0.0
2542;17/06/2025 12:49;14397.9;38232.2;35.83;46.38;35.32;35.28;0.0;0.0;0.0
2543;17/06/2025 13:50;19661;48537.1;39.23;37.61;38.23;27.23;0.0;0.0;0.0
2544;17/06/2025 14:51;7040.83;23507.9;36.41;41.18;35.03;32.59;0.0;0.0;0.0
2545;17/06/2025 15:51;2475.56;6256.11;31.58;59.07;29.32;72.03;0.0;0.0;0.0
2546;17/06/2025 16:52;1782.64;4585;27.1;76.4;25.54;100;0.0;0.0;0.0
2547;17/06/2025 17:53;1003.75;2611.81;26.67;73.22;25.76;100;0.0;0.0;0.0
2548;17/06/2025 19:34;0;0;23.33;93.4;22.68;100;0.0;0.0;0.0
2549;17/06/2025 20:34;0;0;22.47;99.66;22.13;100;0.0;0.0;0.0
2550;17/06/2025 21:35;0;0;22.49;100;21.89;100;0.0;0.0;0.0
2551;17/06/2025 23:47;0;0;22.01;100;21.19;100;0.0;0.0;0.0
2552;18/06/2025 1:18;0;0;21.64;100;20.89;100;0.0;0.0;0.0
2553;18/06/2025 2:18;0;0;21.6;100;20.85;100;0.0;0.0;0.0
2554;18/06/2025 3:19;0;0;21.44;100;20.43;100;0.0;0.0;0.0
2555;18/06/2025 4:30;0;0;20.95;100;20.07;100;0.0;0.0;0.0
2556;18/06/2025 5:30;0;0;20.33;100;19.54;100;0.0;0.0;0.0
2557;18/06/2025 6:31;200.14;474.72;20.62;100;19.6;100;0.0;0.0;0.0
2558;18/06/2025 7:32;732.08;1630.69;21.64;100;20.47;100;0.0;0.0;0.0
2559;18/06/2025 8:32;3485.42;9002.78;24.94;93.58;23.82;100;0.0;0.0;0.0
2560;18/06/2025 9:33;6407.92;14378.9;28.65;76.2;27.96;100;0.0;0.0;0.0
2561;18/06/2025 10:34;10523.6;34938.5;35.01;48.57;34.3;49.47;0.0;0.0;0.0
2562;18/06/2025 11:34;16497.8;54612.5;36.68;43.45;35.61;37.33;0.0;0.0;0.0
2563;18/06/2025 12:35;24044.6;54612.5;38.03;40.53;37.93;25.55;0.0;0.0;0.0
2564;18/06/2025 13:35;22138.2;54612.5;41.32;30.59;39.6;15.91;0.0;0.0;0.0
2565;18/06/2025 14:36;13211.4;47231.9;42.83;28.2;40.06;15.76;0.0;0.0;0.0
2566;18/06/2025 15:37;6817.64;17460;39.13;32.47;37.09;19.63;0.0;0.0;0.0
2567;18/06/2025 16:37;2236.39;4159.72;36.86;33.98;36.87;17.29;0.0;0.0;0.0
2568;18/06/2025 17:38;732.64;1682.22;32.55;42.86;32.52;26.33;0.0;0.0;0.0
2569;18/06/2025 18:39;140.69;334.58;28.76;57.09;28.04;89.53;0.0;0.0;0.0
2570;18/06/2025 20:00;0;0;24.91;86.22;24.71;100;0.0;0.0;0.0
2571;18/06/2025 21:21;0;0;23.28;99.16;23.06;100;0.0;0.0;0.0
2572;18/06/2025 23:53;0;0;21.62;100;21.37;100;0.0;0.0;0.0
2573;19/06/2025 1:04;0;0;21.18;100;20.85;100;0.0;0.0;0.0
2574;19/06/2025 2:04;0;0;20.88;100;20.38;100;0.0;0.0;0.0
2575;19/06/2025 3:05;0;0;20.84;100;19.87;100;0.0;0.0;0.0
2576;19/06/2025 4:05;0;0;20.56;100;19.53;100;0.0;0.0;0.0
2577;19/06/2025 5:06;0;0;20.41;100;19.26;100;0.0;0.0;0.0
2578;19/06/2025 6:07;47.22;105;20.13;100;18.89;100;0.0;0.0;0.0
2579;19/06/2025 7:07;568.47;1066.39;20.89;100;20.05;100;0.0;0.0;0.0
2580;19/06/2025 8:08;2478.89;2288.75;25.52;85.73;24.86;100;0.0;0.0;0.0
2581;19/06/2025 9:09;4771.67;4369.58;32.94;53.7;31.31;70.17;0.0;0.0;0.0
2582;19/06/2025 10:30;9595.42;28003.6;36.93;42.11;35.95;36.82;0.0;0.0;0.0
2583;19/06/2025 11:51;18668.5;52447.6;39.05;38.17;38.46;27.35;0.0;0.0;0.0
2584;19/06/2025 12:51;23437.1;54612.5;39.73;36.09;39.84;21.2;0.0;0.0;0.0
2585;19/06/2025 13:52;11871.1;27815;39.45;32.45;37.98;18.92;0.0;0.0;0.0
2586;19/06/2025 14:52;5550.14;18796.4;34.86;40.18;34.2;27.24;0.0;0.0;0.0
2587;19/06/2025 15:53;5454.86;14496;36.16;38.91;35.01;30.11;0.0;0.0;0.0
2588;19/06/2025 16:54;2398.75;6180.14;33.09;46.99;32.07;51.67;0.0;0.0;0.0
2589;19/06/2025 18:35;85.56;213.75;28.53;66.41;27.78;92.29;0.0;0.0;0.0
2590;19/06/2025 19:35;0;0;26.8;79.38;26.5;100;0.0;0.0;0.0
2591;19/06/2025 20:36;0;0;26.02;85.96;25.26;100;0.0;0.0;0.0
2592;19/06/2025 21:37;0;0;25.66;92.85;24.7;100;0.0;0.0;0.0
2593;19/06/2025 23:18;0;0;24.39;99.8;23.75;100;0.0;0.0;0.0
2594;20/06/2025 0:18;0;0;23.94;100;23.45;100;0.0;0.0;0.0
2595;20/06/2025 1:19;0;0;23.91;100;23.14;100;0.0;0.0;0.0
2596;20/06/2025 2:20;0;0;23.53;100;22.42;100;0.0;0.0;0.0
2597;20/06/2025 3:20;0;0;23.26;100;22.39;100;0.0;0.0;0.0
2598;20/06/2025 4:21;0;0;22.77;100;21.77;100;0.0;0.0;0.0
2599;20/06/2025 5:22;0;0;21.8;100;20.68;100;0.0;0.0;0.0
2600;20/06/2025 6:32;270.83;586.39;21.45;100;20.74;100;0.0;0.0;0.0
2601;20/06/2025 7:33;1528.06;2499.86;23.57;95.41;23.49;100;0.0;0.0;0.0
2602;20/06/2025 8:34;3905;5889.44;29.72;69.85;29.41;100;0.0;0.0;0.0
2603;20/06/2025 9:34;6013.61;8935.42;34.87;51.95;33.15;74.76;0.0;0.0;0.0
2604;20/06/2025 10:35;8482.08;21706.4;35.71;46;34.59;47.59;0.0;0.0;0.0
2605;20/06/2025 11:36;9220.14;32929.9;36.87;44.1;36.22;30.9;0.0;0.0;0.0
2606;20/06/2025 12:36;12591.9;35155.3;37.4;42.65;37.17;30.24;0.0;0.0;0.0
2607;20/06/2025 13:37;16977.5;52272.9;40.15;35.67;39.03;19.22;0.0;0.0;0.0
2608;20/06/2025 14:38;11254.6;40221.9;40.28;31.68;38.48;17.33;0.0;0.0;0.0
2609;20/06/2025 15:38;7998.89;25394.4;40.46;29.82;38.78;16.27;0.0;0.0;0.0
2610;20/06/2025 16:39;1698.19;4148.61;32.05;48.51;30.9;58.81;0.0;0.0;0.0
2611;20/06/2025 17:40;1258.89;3105.97;30.46;53.3;29.95;53.19;0.0;0.0;0.0
2612;20/06/2025 18:40;67.78;178.19;28.01;66.45;27.02;90.47;0.0;0.0;0.0
2613;20/06/2025 19:41;0;0;26.56;75.06;25.89;100;0.0;0.0;0.0
2614;20/06/2025 20:41;0;0;25.47;84.88;24.53;100;0.0;0.0;0.0
2615;20/06/2025 21:42;0;0;24.31;94.98;23.52;100;0.0;0.0;0.0
2616;20/06/2025 22:43;0;0;23.9;98.09;23.12;100;0.0;0.0;0.0
2617;20/06/2025 23:43;0;0;23.78;99.24;22.98;100;0.0;0.0;0.0
2618;21/06/2025 1:04;0;0;22.97;100;22.32;100;0.0;0.0;0.0
2619;21/06/2025 2:45;0;0;22.35;100;21.95;100;0.0;0.0;0.0
2620;21/06/2025 3:46;0;0;22.44;100;22.06;100;0.0;0.0;0.0
2621;21/06/2025 4:47;0;0;22.21;100;21.31;100;0.0;0.0;0.0
2622;21/06/2025 5:47;2.5;6.25;22.28;100;21.43;100;0.0;0.0;0.0
2623;21/06/2025 7:39;1844.03;3242.22;24.27;96.53;24.41;100;0.0;0.0;0.0
2624;21/06/2025 8:39;3766.39;6001.8;29.19;73.52;28.99;100;0.0;0.0;0.0
2625;21/06/2025 10:10;7197.22;16254.2;35.26;47.57;34.21;48.22;0.0;0.0;0.0
2626;21/06/2025 11:42;10224.2;33908.9;36.04;42.6;35.97;27.86;0.0;0.0;0.0
2627;21/06/2025 13:33;11712.8;32862.6;36.39;43.05;35.79;30.75;0.0;0.0;0.0
2628;21/06/2025 14:33;4208.47;14615.8;34.32;50.93;31.76;63.46;0.0;0.0;0.0
2629;21/06/2025 15:34;2181.67;5451.94;26.19;90.02;22.55;100;0.0;0.0;0.0
2630;21/06/2025 16:35;2186.94;5675.42;25.93;88.02;23.48;100;0.0;0.0;0.0
2631;21/06/2025 17:35;1469.72;3667.5;26.37;91.4;24.89;100;0.0;0.0;0.0
2632;21/06/2025 18:36;164.86;402.5;24.32;98.52;23.21;100;0.0;0.0;0.0
2633;21/06/2025 19:37;0;0;23.23;100;22.94;100;0.0;0.0;0.0
2634;21/06/2025 21:18;0;0;23.07;98.36;22.62;100;0.0;0.0;0.0
2635;21/06/2025 22:18;0;0;22.79;99.67;22.5;100;0.0;0.0;0.0
2636;21/06/2025 23:39;0;0;22.73;100;22.09;100;0.0;0.0;0.0
2637;22/06/2025 0:40;0;0;22.45;100;21.79;100;0.0;0.0;0.0
2638;22/06/2025 1:41;0;0;22.45;100;21.17;100;0.0;0.0;0.0
2639;22/06/2025 2:41;0;0;22.21;100;20.64;100;0.0;0.0;0.0
2640;22/06/2025 3:52;0;0;21.65;100;20.43;100;0.0;0.0;0.0
2641;22/06/2025 5:03;0;0;21.4;100;20.39;100;0.0;0.0;0.0
2642;22/06/2025 6:24;102.5;267.08;21.34;100;20.44;100;0.0;0.0;0.0
2643;22/06/2025 8:26;3237.78;8437.08;24.7;97.5;23.17;100;0.0;0.0;0.0
2644;22/06/2025 10:17;6495.14;19603.8;29.01;75.6;28.01;100;0.0;0.0;0.0
2645;22/06/2025 11:17;11125.1;34074.7;31.98;60.82;31.08;84.98;0.0;0.0;0.0
2646;22/06/2025 12:18;9040;24812.2;32.66;55.51;31.34;56.57;0.0;0.0;0.0
2647;22/06/2025 13:39;8929.58;25635.6;31.92;60.28;30.79;68.38;0.0;0.0;0.0
2648;22/06/2025 16:51;1444.17;3850.97;26.65;77.77;25.25;90.68;0.0;0.0;0.0
2649;22/06/2025 17:52;267.08;689.44;22.55;99.08;20.89;100;0.0;0.0;0.0
2650;22/06/2025 18:53;8.61;23.75;22.22;100;20.53;100;0.0;0.0;0.0
2651;22/06/2025 19:53;0;0;21.87;100;20.44;100;0.0;0.0;0.0
2652;22/06/2025 20:54;0;0;21.51;100;20.39;100;0.0;0.0;0.0
2653;22/06/2025 21:55;0;0;21.85;100;20.44;100;0.0;0.0;0.0
2654;22/06/2025 22:55;0;0;21.92;100;20.34;100;0.0;0.0;0.0
2655;22/06/2025 23:56;0;0;21.29;100;19.57;100;0.0;0.0;0.0
2656;23/06/2025 0:57;0;0;20.98;100;19.36;100;0.0;0.0;0.0
2657;23/06/2025 2:18;0;0;20.52;100;19.19;100;0.0;0.0;0.0
2658;23/06/2025 3:18;0;0;20.06;100;18.9;100;0.0;0.0;0.0
2659;23/06/2025 4:19;0;0;20.3;100;18.9;100;0.0;0.0;0.0
2660;23/06/2025 5:30;0;0;20.36;100;19.09;100;0.0;0.0;0.0
2661;23/06/2025 6:30;182.36;472.5;20.12;100;19.1;100;0.0;0.0;0.0
2662;23/06/2025 7:31;1502.64;3837.64;21.68;100;19.87;100;0.0;0.0;0.0
2663;23/06/2025 8:32;3092.92;7823.75;24.17;96.5;21.49;100;0.0;0.0;0.0
2664;23/06/2025 9:32;6221.53;14076.5;27.99;73.62;23.83;100;0.0;0.0;0.0
2665;23/06/2025 10:33;8850.83;30319.7;31.47;60.04;28.13;100;0.0;0.0;0.0
2666;23/06/2025 11:34;12151.8;40919.6;33.74;52.04;32.84;85.26;0.0;0.0;0.0
2667;23/06/2025 12:35;23956.7;54612.5;35.53;47.42;35.77;67.95;0.0;0.0;0.0
2668;23/06/2025 14:16;18928.2;54612.5;40.57;33.96;40.11;49.48;0.0;0.0;0.0
2669;23/06/2025 15:16;10081.8;33110.4;39.6;33.37;37.19;54.52;0.0;0.0;0.0
2670;23/06/2025 16:17;4678.47;12253.5;32.66;50.5;31.5;74.95;0.0;0.0;0.0
2671;23/06/2025 17:18;597.64;1506.67;25.95;87.28;23.45;100;0.0;0.0;0.0
2672;23/06/2025 18:28;136.67;343.61;23.73;98.95;22.59;100;0.0;0.0;0.0
2673;23/06/2025 20:30;0;0;22.22;100;21.39;100;0.0;0.0;0.0
2674;23/06/2025 21:31;0;0;22.04;100;21.29;100;0.0;0.0;0.0
2675;23/06/2025 22:41;0;0;22.23;100;21.36;100;0.0;0.0;0.0
2676;24/06/2025 0:12;0;0;21.86;100;20.89;100;0.0;0.0;0.0
2677;24/06/2025 1:13;0;0;21.59;100;20.66;100;0.0;0.0;0.0
2678;24/06/2025 3:55;0;0;21.22;100;20.26;100;0.0;0.0;0.0
2679;24/06/2025 4:56;0;0;21.14;100;20.25;100;0.0;0.0;0.0
2680;24/06/2025 5:56;10.42;27.64;21.33;100;20.13;100;0.0;0.0;0.0
2681;24/06/2025 6:57;639.72;1522.78;22.01;100;20.53;100;0.0;0.0;0.0
2682;24/06/2025 7:58;2595.97;4775.69;24.62;97.16;22.39;100;0.0;0.0;0.0
2683;24/06/2025 9:08;5942.36;12927.1;28.99;75.47;26.08;100;0.0;0.0;0.0
2684;24/06/2025 10:40;7697.78;21988.6;29.67;73.64;29.76;96.48;0.0;0.0;0.0
2685;24/06/2025 11:40;8088.75;21761.7;30.33;68.22;29.99;96.21;0.0;0.0;0.0
2686;24/06/2025 12:41;8517.5;23983.2;31.75;62.71;31.31;90.15;0.0;0.0;0.0
2687;24/06/2025 13:52;8490.69;23904.9;31.49;67.03;30.45;95.09;0.0;0.0;0.0
2688;24/06/2025 14:52;7692.08;22616.5;32.2;57.8;32.05;87.32;0.0;0.0;0.0
2689;24/06/2025 16:03;4025.97;10443.2;30.19;66.73;29.65;95.56;0.0;0.0;0.0
2690;24/06/2025 17:04;2507.36;6504.03;28.79;73.85;28.44;99.3;0.0;0.0;0.0
2691;24/06/2025 18:05;662.78;1711.53;26.82;82.79;25.85;100;0.0;0.0;0.0
2692;24/06/2025 19:05;8.47;22.22;24.45;98.24;23.83;100;0.0;0.0;0.0
2693;24/06/2025 20:06;0;0;23.71;100;23.37;100;0.0;0.0;0.0
2694;24/06/2025 21:57;0;0;23.31;100;22.91;100;0.0;0.0;0.0
2695;24/06/2025 22:58;0;0;23.17;100;22.78;100;0.0;0.0;0.0
2696;25/06/2025 0:09;0;0;23.02;100;22.32;100;0.0;0.0;0.0
2697;25/06/2025 1:10;0;0;22.88;100;22.33;100;0.0;0.0;0.0
2698;25/06/2025 2:10;0;0;23.05;100;21.99;100;0.0;0.0;0.0
2699;25/06/2025 3:11;0;0;22.64;100;21.23;100;0.0;0.0;0.0
2700;25/06/2025 4:11;0;0;22;100;20.44;100;0.0;0.0;0.0
2701;25/06/2025 5:12;0;0;21.11;100;19.53;100;0.0;0.0;0.0
2702;25/06/2025 6:13;75.83;175.83;20.53;100;19.05;100;0.0;0.0;0.0
2703;25/06/2025 7:13;696.94;1308.19;21.28;100;19.87;100;0.0;0.0;0.0
2704;25/06/2025 8:14;3236.94;7829.86;24.76;96.27;22.96;100;0.0;0.0;0.0
2705;25/06/2025 9:35;6545.83;7438.47;31.73;66.34;31.04;95.81;0.0;0.0;0.0
2706;25/06/2025 10:36;8141.25;24169.4;33.34;58.8;32.88;88.35;0.0;0.0;0.0
2707;25/06/2025 11:36;16873.8;54612.5;37.02;45.09;36.68;72.07;0.0;0.0;0.0
2708;25/06/2025 12:37;20463.8;47544.4;38.3;42.59;38.55;64.67;0.0;0.0;0.0
2709;25/06/2025 13:38;22806.8;54612.5;40.48;36.45;40.16;56.77;0.0;0.0;0.0
2710;25/06/2025 14:38;10160.7;28565.4;38.52;37.84;37.53;61.96;0.0;0.0;0.0
2711;25/06/2025 15:39;9353.47;28696.1;38.55;37.78;37.14;65.09;0.0;0.0;0.0
2712;30/06/2025 9:38;5906.39;9317.64;31.77;64;30.59;90.4;0.0;0.0;0.0
2713;30/06/2025 10:38;10699;34811.2;36.48;46.03;35.22;73.46;0.0;0.0;0.0
2714;30/06/2025 11:39;9808.33;35141.7;36.26;46.06;35.65;69.57;0.0;0.0;0.0
2715;30/06/2025 12:40;8639.31;23735.8;34.46;50.9;34.39;72.55;0.0;0.0;0.0
2716;30/06/2025 13:40;7645.42;22560.7;33.81;49.32;33.6;73.98;0.0;0.0;0.0
2717;30/06/2025 14:41;6395.42;24811.9;34;50.49;33.52;74.85;0.0;0.0;0.0
2718;30/06/2025 15:42;8125.42;24422.9;39.69;36.7;39.28;56.04;0.0;0.0;0.0
2719;30/06/2025 16:42;3977.22;8354.44;35.42;40.37;37.37;57.54;0.0;0.0;0.0
2720;30/06/2025 17:43;1217.64;3192.08;31.59;53.29;30.7;82.23;0.0;0.0;0.0
2721;30/06/2025 18:44;44.03;111.67;27.71;70.47;26.74;98.64;0.0;0.0;0.0
2722;30/06/2025 19:44;0;0;26.04;80.63;25.37;100;0.0;0.0;0.0
2723;30/06/2025 20:45;0;0;25.69;84.02;25.1;100;0.0;0.0;0.0
2724;30/06/2025 21:45;0;0;24.94;85.17;24.53;100;0.0;0.0;0.0
2725;30/06/2025 22:46;0;0;23.83;99.03;22.83;100;0.0;0.0;0.0
2726;30/06/2025 23:47;0;0;23.24;100;22.43;100;0.0;0.0;0.0
2727;1/07/2025 0:47;0;0;22.87;100;22.06;100;0.0;0.0;0.0
2728;1/07/2025 1:48;0;0;22.85;100;22;100;0.0;0.0;0.0
2729;1/07/2025 2:49;0;0;22.31;100;21.31;100;0.0;0.0;0.0
2730;1/07/2025 4:10;0;0;21.53;100;20.77;100;0.0;0.0;0.0
2731;1/07/2025 5:10;0;0;21.09;100;20.5;100;0.0;0.0;0.0
2732;1/07/2025 6:11;36.67;100.56;21.31;100;20.51;100;0.0;0.0;0.0
2733;1/07/2025 7:11;1149.17;2940;22.61;100;21.87;100;0.0;0.0;0.0
2734;1/07/2025 8:12;2655.83;6717.36;25.36;93.86;24.41;100;0.0;0.0;0.0
2735;1/07/2025 9:23;4775.56;12230;27.48;84.02;27.33;99;0.0;0.0;0.0
2736;1/07/2025 10:34;8846.53;25802.1;31.54;63.61;31.4;87.55;0.0;0.0;0.0
2737;1/07/2025 11:34;15987.9;49179.4;37.13;45.97;37.49;66.47;0.0;0.0;0.0
2738;1/07/2025 12:35;20815.6;46196.1;38.71;42.59;37.89;65.1;0.0;0.0;0.0
2739;1/07/2025 13:36;9998.06;31195.4;34.58;45.48;33.73;70.46;0.0;0.0;0.0
2740;1/07/2025 14:36;3417.08;8900.69;28.97;67.45;27.57;94.8;0.0;0.0;0.0
2741;1/07/2025 15:37;6849.17;27016.9;34.66;51.15;33.94;78.1;0.0;0.0;0.0
2742;1/07/2025 16:38;2990.14;6626.8;33.2;52.38;33.64;76;0.0;0.0;0.0
2743;1/07/2025 17:49;804.44;1953.47;29.14;68.03;28.64;94.92;0.0;0.0;0.0
2744;1/07/2025 18:49;62.36;149.03;26.05;78.71;25.66;99.98;0.0;0.0;0.0
2745;1/07/2025 19:50;0;0;24.71;95.28;24.22;100;0.0;0.0;0.0
2746;1/07/2025 20:50;0;0;24.02;100;23.27;100;0.0;0.0;0.0
2747;1/07/2025 21:51;0;0;23.29;100;22.86;100;0.0;0.0;0.0
2748;1/07/2025 22:52;0;0;22.75;99.87;22.65;100;0.0;0.0;0.0
2749;1/07/2025 23:52;0;0;22.66;100;22.02;100;0.0;0.0;0.0
2750;2/07/2025 1:34;0;0;22.33;100;21.71;100;0.0;0.0;0.0
2751;2/07/2025 2:34;0;0;21.71;100;21.35;100;0.0;0.0;0.0
2752;2/07/2025 3:35;0;0;21.47;100;20.7;100;0.0;0.0;0.0
2753;2/07/2025 4:36;0;0;21.5;100;20.46;100;0.0;0.0;0.0
2754;2/07/2025 5:36;0;0.28;21.3;100;20.26;100;0.0;0.0;0.0
2755;2/07/2025 6:37;302.64;734.44;21.38;100;20.41;100;0.0;0.0;0.0
2756;2/07/2025 7:37;1448.33;2611.81;23.83;96.95;23.29;100;0.0;0.0;0.0
2757;2/07/2025 8:38;3151.94;4241.94;28.8;73.98;29.22;94.37;0.0;0.0;0.0
2758;2/07/2025 9:39;5746.39;7390.56;33.58;54.78;32.37;82.5;0.0;0.0;0.0
2759;2/07/2025 11:30;14990.6;54612.5;38.69;40.14;38.4;60.05;0.0;0.0;0.0
2760;2/07/2025 12:30;19553.1;48307.6;38.17;39.96;38.15;59.04;0.0;0.0;0.0
2761;2/07/2025 13:31;22481;54612.5;39.99;35.1;39.74;52.45;0.0;0.0;0.0
2762;2/07/2025 14:32;11405.3;44337.6;39.12;34.87;38.28;55.1;0.0;0.0;0.0
2763;2/07/2025 15:32;7766.11;26682.9;39.98;32.88;39.15;52.86;0.0;0.0;0.0
2764;2/07/2025 16:33;4396.39;10807.2;35.91;38.45;35.96;59.68;0.0;0.0;0.0
2765;2/07/2025 17:34;2148.19;5395.28;32.58;41.04;33.19;60.58;0.0;0.0;0.0
2766;2/07/2025 18:34;260.83;653.61;29.68;56.86;29.31;82.77;0.0;0.0;0.0
2767;2/07/2025 19:35;0;0;27.32;73.13;26.73;99.07;0.0;0.0;0.0
2768;2/07/2025 20:36;0;0;26.96;73.19;26.48;98.55;0.0;0.0;0.0
2769;2/07/2025 21:36;0;0;26.24;80.08;25.55;99.74;0.0;0.0;0.0
2770;2/07/2025 22:37;0;0;25.38;87.24;24.62;100;0.0;0.0;0.0
2771;2/07/2025 23:38;0;0;24.79;85.63;24.17;100;0.0;0.0;0.0
2772;3/07/2025 0:38;0;0;23.71;95.2;22.98;100;0.0;0.0;0.0
2773;3/07/2025 2:19;0;0;22.74;98.76;22.22;100;0.0;0.0;0.0
2774;3/07/2025 3:20;0;0;21.92;100;21.43;100;0.0;0.0;0.0
2775;3/07/2025 4:41;0;0;22.18;100;21.73;100;0.0;0.0;0.0
2776;3/07/2025 5:42;0.28;0.83;22.02;100;21.53;100;0.0;0.0;0.0
2777;3/07/2025 6:42;328.61;837.78;21.89;100;21.47;100;0.0;0.0;0.0
2778;3/07/2025 9:04;3879.86;7330.42;28.43;74.93;29.06;93.14;0.0;0.0;0.0
2779;3/07/2025 10:05;8008.33;13742.1;34.74;49.64;35.48;67.9;0.0;0.0;0.0
2780;3/07/2025 11:05;8501.81;28914;34.74;46.65;33.77;70.93;0.0;0.0;0.0
2781;3/07/2025 12:06;18693.9;50638.9;37.03;42.88;37.81;60.76;0.0;0.0;0.0
2782;3/07/2025 13:07;11393.8;34950.3;35.4;42.66;35.45;62.46;0.0;0.0;0.0
2783;3/07/2025 14:07;12611.7;41275.3;35.01;47.84;35.26;68.57;0.0;0.0;0.0
2784;3/07/2025 15:08;9459.86;38319.9;37.13;41.63;36.34;63.94;0.0;0.0;0.0
2785;3/07/2025 16:08;5586.94;12151.7;36.09;42.96;37.43;60.74;0.0;0.0;0.0
2786;3/07/2025 17:09;2056.67;5163.47;33.12;48.66;33.75;68.74;0.0;0.0;0.0
2787;3/07/2025 18:10;271.25;675.28;29.26;62.7;28.34;89.37;0.0;0.0;0.0
2788;3/07/2025 19:10;4.72;12.5;27.19;70.97;26.43;96.37;0.0;0.0;0.0
2789;3/07/2025 20:11;0;0;25.42;80.49;24.84;100;0.0;0.0;0.0
2790;3/07/2025 21:12;0;0;24.2;89.68;23.46;100;0.0;0.0;0.0
2791;3/07/2025 22:12;0;0;22.74;98.94;22.21;100;0.0;0.0;0.0
2792;3/07/2025 23:13;0;0;21.75;100;21.55;100;0.0;0.0;0.0
2793;4/07/2025 0:14;0;0;21.54;100;20.88;100;0.0;0.0;0.0
2794;4/07/2025 1:14;0;0;21.43;100;20.66;100;0.0;0.0;0.0
2795;4/07/2025 2:15;0;0;21.07;100;20.17;100;0.0;0.0;0.0
2796;4/07/2025 3:16;0;0;20.57;100;19.61;100;0.0;0.0;0.0
2797;4/07/2025 4:16;0;0;20.3;100;19.47;100;0.0;0.0;0.0
2798;4/07/2025 5:17;0;0;19.99;100;19.1;100;0.0;0.0;0.0
2799;4/07/2025 6:17;133.75;322.64;19.93;100;18.95;100;0.0;0.0;0.0
2800;4/07/2025 7:18;1288.89;2812.22;21.59;98.71;21.23;100;0.0;0.0;0.0
2801;4/07/2025 8:19;2582.78;3676.67;26.08;79.92;26.6;94.55;0.0;0.0;0.0
2802;4/07/2025 9:19;4794.58;5174.31;31.92;57.01;31.82;76.77;0.0;0.0;0.0
2803;4/07/2025 10:50;8909.86;28501.4;36.24;43.48;35.7;62.38;0.0;0.0;0.0
2804;4/07/2025 12:42;12618.5;36771.9;33.96;48.88;34.74;66.64;0.0;0.0;0.0
2805;4/07/2025 13:42;6506.8;18334.2;32.48;53.25;32.55;72.31;0.0;0.0;0.0
2806;4/07/2025 14:43;8315.42;28047.9;31.91;55.8;31.29;79.74;0.0;0.0;0.0
2807;4/07/2025 15:43;5275.28;14646.1;33.09;48.48;33.05;68.41;0.0;0.0;0.0
2808;4/07/2025 16:44;2589.31;7188.06;30.64;54.79;29.98;78.09;0.0;0.0;0.0
2809;4/07/2025 17:45;1073.75;2867.92;27.88;62.23;27.06;86.45;0.0;0.0;0.0
2810;4/07/2025 18:45;114.31;305.97;24.88;71.02;24.09;95.31;0.0;0.0;0.0
2811;4/07/2025 19:46;0;0;24;77.6;23.57;99.52;0.0;0.0;0.0
2812;4/07/2025 20:47;0;0;23.49;84.93;22.76;100;0.0;0.0;0.0
2813;4/07/2025 21:47;0;0;22.57;95;21.72;100;0.0;0.0;0.0
2814;4/07/2025 22:48;0;0;21.85;99.67;21;100;0.0;0.0;0.0
2815;4/07/2025 23:49;0;0;21.36;100;20.6;100;0.0;0.0;0.0
2816;5/07/2025 0:49;0;0;21.18;100;20.49;100;0.0;0.0;0.0
2817;5/07/2025 1:50;0;0;21.21;100;20.42;100;0.0;0.0;0.0
2818;5/07/2025 3:31;0;0;20.45;100;20.04;100;0.0;0.0;0.0
2819;5/07/2025 4:32;0;0;20.32;100;19.95;100;0.0;0.0;0.0
2820;5/07/2025 5:32;0;0;20.75;100;20.04;100;0.0;0.0;0.0
2821;5/07/2025 6:43;413.47;1039.72;21.06;100;20.73;100;0.0;0.0;0.0
2822;5/07/2025 7:44;1732.08;2787.92;23.5;93;23.75;100;0.0;0.0;0.0
2823;5/07/2025 8:45;2912.5;4505;27.06;76.14;27.76;93.41;0.0;0.0;0.0
2824;5/07/2025 10:26;6882.36;16845.1;33.3;51.6;33.2;71.7;0.0;0.0;0.0
2825;5/07/2025 11:26;12356.8;45224.2;36.5;42.44;37.58;58.15;0.0;0.0;0.0
2826;5/07/2025 12:27;10275.6;32551.8;36.73;39.4;36.71;56.48;0.0;0.0;0.0
2827;5/07/2025 13:28;4725.14;13077.6;32.41;46.75;32.31;66.39;0.0;0.0;0.0
2828;5/07/2025 14:28;6733.06;21581.4;32.87;47.36;33.09;67.44;0.0;0.0;0.0
2829;5/07/2025 15:29;7689.58;29806.9;37.7;36.62;37.51;55.38;0.0;0.0;0.0
2830;5/07/2025 16:29;3315.56;6955.69;35.23;38.24;35.99;55.4;0.0;0.0;0.0
2831;5/07/2025 17:30;1184.44;3169.31;30.76;48.23;30.42;69.6;0.0;0.0;0.0
2832;5/07/2025 18:31;226.53;599.58;27.84;56.04;27.25;79.04;0.0;0.0;0.0
2833;5/07/2025 19:31;0;0;25.8;65.47;25.13;89.46;0.0;0.0;0.0
2834;5/07/2025 20:32;0;0;24.56;74.66;24.21;97.08;0.0;0.0;0.0
2835;5/07/2025 22:13;0;0;23.55;82.27;23.29;100;0.0;0.0;0.0
2836;5/07/2025 23:14;0;0;22.63;86.75;22.7;100;0.0;0.0;0.0
2837;6/07/2025 0:15;0;0;21.8;97.09;21.29;100;0.0;0.0;0.0
2838;6/07/2025 1:25;0;0;20.98;100;20.56;100;0.0;0.0;0.0
2839;6/07/2025 3:57;0;0;20.15;100;19.73;100;0.0;0.0;0.0
2840;6/07/2025 4:58;0;0;20.19;100;19.87;100;0.0;0.0;0.0
2841;6/07/2025 5:58;12.08;31.25;20.44;100;19.81;100;0.0;0.0;0.0
2842;6/07/2025 6:59;584.17;1362.5;21.58;99.37;21.06;100;0.0;0.0;0.0
2843;6/07/2025 8:00;1434.31;3093.89;23.51;91.22;23.21;100;0.0;0.0;0.0
2844;6/07/2025 9:00;4344.31;8667.36;28.44;71.01;28.17;88.33;0.0;0.0;0.0
2845;6/07/2025 10:01;6664.03;12136.8;33.72;49;33.08;71.16;0.0;0.0;0.0
2846;6/07/2025 12:02;9040.56;27041.9;34.13;46.74;34.01;65.84;0.0;0.0;0.0
2847;6/07/2025 13:03;12271.5;36070.3;35.16;45.06;35.02;63.21;0.0;0.0;0.0
2848;6/07/2025 14:04;5681.8;15882.1;33.25;46.8;32.33;68.73;0.0;0.0;0.0
2849;6/07/2025 15:04;3776.94;10347.6;30.67;55.25;30.41;76.39;0.0;0.0;0.0
2850;6/07/2025 16:05;4621.11;12645.1;31.86;48.24;31.99;65.61;0.0;0.0;0.0
2851;6/07/2025 17:06;2127.08;5778.33;31.19;50.44;31.09;70.05;0.0;0.0;0.0
2852;6/07/2025 18:06;511.11;1378.89;27.58;62.34;26.79;85.52;0.0;0.0;0.0
2853;6/07/2025 19:07;14.17;36.67;25.76;76.85;24.96;99.24;0.0;0.0;0.0
2854;6/07/2025 20:07;0;0;24.84;80.86;24.36;99.71;0.0;0.0;0.0
2855;6/07/2025 21:08;0;0;24.75;80.13;24.08;98.98;0.0;0.0;0.0
2856;6/07/2025 22:09;0;0;23.18;95.05;22.24;100;0.0;0.0;0.0
2857;6/07/2025 23:09;0;0;22.68;98.35;21.82;100;0.0;0.0;0.0
2858;7/07/2025 0:10;0;0;22.07;100;21.37;100;0.0;0.0;0.0
2859;7/07/2025 1:11;0;0;21.74;100;20.86;100;0.0;0.0;0.0
2860;7/07/2025 3:02;0;0;21.13;100;20.55;100;0.0;0.0;0.0
2861;7/07/2025 4:02;0;0;20.55;100;20.02;100;0.0;0.0;0.0
2862;7/07/2025 5:23;0;0;20.16;100;19.57;100;0.0;0.0;0.0
2863;7/07/2025 7:46;1241.67;2112.78;21.86;98.5;21.85;100;0.0;0.0;0.0
2864;7/07/2025 8:47;3340.14;3911.67;27.08;77.18;27.59;91.88;0.0;0.0;0.0
2865;7/07/2025 9:58;7046.11;8609.72;33.52;51.58;33.63;70.95;0.0;0.0;0.0
2866;7/07/2025 10:58;11960.1;47531.5;36.16;45.1;35.98;63.18;0.0;0.0;0.0
2867;7/07/2025 11:59;19003.1;54612.5;38.26;38.54;38.98;55.14;0.0;0.0;0.0
2868;7/07/2025 12:59;24892.5;54612.5;39.84;35.37;40.41;47.73;0.0;0.0;0.0
2869;7/07/2025 14:00;18378.5;54612.5;40.98;30.65;41.21;44.55;0.0;0.0;0.0
2870;7/07/2025 15:01;9405.56;53053.2;41.47;27.67;41.56;41.65;0.0;0.0;0.0
2871;7/07/2025 16:01;6449.17;18018.1;39.58;30.19;39.57;44.98;0.0;0.0;0.0
2872;7/07/2025 17:02;2689.31;7069.44;34.34;40.04;34.08;58.92;0.0;0.0;0.0
2873;7/07/2025 18:03;927.78;2653.19;30.59;50.74;29.83;73.9;0.0;0.0;0.0
2874;7/07/2025 19:03;17.64;47.78;28.23;62.15;27.43;86.35;0.0;0.0;0.0
2875;7/07/2025 20:04;0;0;26.5;72.36;25.82;95.78;0.0;0.0;0.0
2876;7/07/2025 21:04;0;0;24.78;84.78;24.02;100;0.0;0.0;0.0
2877;7/07/2025 22:05;0;0;23.67;93.05;22.9;100;0.0;0.0;0.0
2878;7/07/2025 23:06;0;0;23.16;93.7;22.67;100;0.0;0.0;0.0
2879;8/07/2025 0:06;0;0;22.38;99.3;21.49;100;0.0;0.0;0.0
2880;8/07/2025 1:07;0;0;21.78;100;20.88;100;0.0;0.0;0.0
2881;8/07/2025 2:08;0;0;21.29;100;20.46;100;0.0;0.0;0.0
2882;8/07/2025 3:08;0;0;20.91;100;20;100;0.0;0.0;0.0
2883;8/07/2025 4:09;0;0;20.58;100;19.57;100;0.0;0.0;0.0
2884;8/07/2025 5:09;0;0;20.33;100;19.41;100;0.0;0.0;0.0
2885;8/07/2025 6:10;79.17;208.19;20.16;100;19.15;100;0.0;0.0;0.0
2886;8/07/2025 7:11;966.67;2105;21.51;99.61;20.93;100;0.0;0.0;0.0
2887;8/07/2025 8:11;2311.39;3486.25;25.57;82.59;25.52;96.26;0.0;0.0;0.0
2888;8/07/2025 9:12;4336.81;6283.19;31.92;57.95;31.45;77.3;0.0;0.0;0.0
2889;8/07/2025 10:13;7590.14;14865;34.15;47.02;33.73;69.33;0.0;0.0;0.0
2890;8/07/2025 11:13;10921.2;50792.5;36.43;42.28;35.88;61.97;0.0;0.0;0.0
2891;8/07/2025 12:14;14317.4;48315.3;37.52;41.59;38.24;56.86;0.0;0.0;0.0
2892;8/07/2025 13:15;22464.3;54612.5;39.89;34.53;41.75;45.9;0.0;0.0;0.0
2893;8/07/2025 15:06;6739.17;23475.7;37.59;36.66;37.13;54.71;0.0;0.0;0.0
2894;8/07/2025 16:07;2395.28;6522.92;28.85;70.48;27.55;95.05;0.0;0.0;0.0
2895;8/07/2025 17:07;2105.42;5803.89;28.7;68.47;28.34;88.22;0.0;0.0;0.0
2896;8/07/2025 18:08;367.64;976.67;27.05;75.63;26.14;98.29;0.0;0.0;0.0
2897;8/07/2025 19:19;0.97;2.5;25.72;85.64;25.19;100;0.0;0.0;0.0
2898;8/07/2025 20:19;0;0;24.32;96.93;23.2;100;0.0;0.0;0.0
2899;8/07/2025 21:20;0;0;23.7;100;22.74;100;0.0;0.0;0.0
2900;8/07/2025 22:21;0;0;23.45;100;22.31;100;0.0;0.0;0.0
2901;8/07/2025 23:21;0;0;23.02;100;21.85;100;0.0;0.0;0.0
2902;9/07/2025 0:22;0;0;22.58;100;21.41;100;0.0;0.0;0.0
2903;9/07/2025 1:22;0;0;22.19;100;20.98;100;0.0;0.0;0.0
2904;9/07/2025 2:23;0;0;22.13;100;21.07;100;0.0;0.0;0.0
2905;9/07/2025 3:24;0;0;22.13;100;20.92;100;0.0;0.0;0.0
2906;9/07/2025 4:24;0;0;21.72;100;20.41;100;0.0;0.0;0.0
2907;9/07/2025 5:25;0;0;21.25;100;20.09;100;0.0;0.0;0.0
2908;9/07/2025 6:26;136.67;333.19;20.96;100;19.71;100;0.0;0.0;0.0
2909;9/07/2025 7:26;930.97;1718.47;22.24;99.92;21.28;100;0.0;0.0;0.0
2910;9/07/2025 8:27;2807.22;3207.36;27.36;76.7;26.59;97.22;0.0;0.0;0.0
2911;9/07/2025 9:27;5132.5;5856.25;32.5;56.47;31.48;79.31;0.0;0.0;0.0
2912;9/07/2025 10:28;8921.8;22523.1;35.12;46.91;34.48;67.75;0.0;0.0;0.0
2913;9/07/2025 11:29;12078.6;45659.4;36.42;43.6;36.32;61.27;0.0;0.0;0.0
2914;9/07/2025 12:29;12704.9;41861.4;36.87;42.31;35.29;62.86;0.0;0.0;0.0
2915;9/07/2025 13:30;17065.1;46189.3;38.05;40.02;38.59;54.88;0.0;0.0;0.0
2916;9/07/2025 14:31;13183.3;40627.9;40.7;28.59;40.09;43.29;0.0;0.0;0.0
2917;9/07/2025 15:42;2492.64;7082.36;31.16;51.29;30.15;74.63;0.0;0.0;0.0
2918;9/07/2025 16:42;2068.33;5866.25;28.29;62.26;28.13;83.03;0.0;0.0;0.0
2919;9/07/2025 17:43;1004.58;2774.44;27.07;67.52;26.54;89.26;0.0;0.0;0.0
2920;9/07/2025 18:43;83.89;223.06;25.39;78.31;24.64;100;0.0;0.0;0.0
2921;9/07/2025 19:44;0;0;24.5;84.39;23.73;100;0.0;0.0;0.0
2922;9/07/2025 20:45;0;0;23.66;92.9;22.95;100;0.0;0.0;0.0
2923;9/07/2025 21:45;0;0;23.2;96.37;22.54;100;0.0;0.0;0.0
2924;9/07/2025 22:46;0;0;23.06;97.49;22.38;100;0.0;0.0;0.0
2925;9/07/2025 23:57;0;0;22.59;99.5;22.05;100;0.0;0.0;0.0
2926;10/07/2025 1:28;0;0;22.07;100;21.6;100;0.0;0.0;0.0
2927;10/07/2025 2:49;0;0;21.73;100;21.38;100;0.0;0.0;0.0
2928;10/07/2025 3:49;0;0;21.34;100;20.87;100;0.0;0.0;0.0
2929;10/07/2025 4:50;0;0;21.23;100;20.45;100;0.0;0.0;0.0
2930;10/07/2025 5:51;1.11;3.33;21.61;100;20.75;100;0.0;0.0;0.0
2931;10/07/2025 7:42;1702.92;4231.39;24.03;98.43;23.95;100;0.0;0.0;0.0
2932;10/07/2025 8:43;2810.14;7324.86;25.73;86.26;25.59;99.91;0.0;0.0;0.0
2933;10/07/2025 9:43;4164.03;9855.56;28.66;71.72;28.9;90.06;0.0;0.0;0.0
2934;10/07/2025 10:44;10353.1;36376.5;35.51;46.89;36.16;62.8;0.0;0.0;0.0
2935;10/07/2025 11:44;11155.6;36453.9;36.5;42.36;36.14;59.81;0.0;0.0;0.0
2936;10/07/2025 12:45;22171.1;50902.2;37.83;39.42;38.49;53.91;0.0;0.0;0.0
2937;10/07/2025 13:46;6784.72;18318.8;35.94;42.97;35.5;60.72;0.0;0.0;0.0
2938;10/07/2025 14:46;7381.25;23343.2;35.62;43.31;36.25;59.5;0.0;0.0;0.0
2939;10/07/2025 15:47;5522.36;16935.7;35.63;42.62;36.07;60.16;0.0;0.0;0.0
2940;10/07/2025 16:48;1225.42;3576.81;31.57;50.66;30.55;73.56;0.0;0.0;0.0
2941;10/07/2025 17:48;1108.75;3087.64;29.56;60.37;28.8;83.09;0.0;0.0;0.0
2942;10/07/2025 18:49;80.28;213.47;27.17;69.33;26.34;92.96;0.0;0.0;0.0
2943;10/07/2025 19:49;0;0;25.77;73.85;25.2;95.99;0.0;0.0;0.0
2944;10/07/2025 20:50;0;0;25.05;76.59;24.56;97.74;0.0;0.0;0.0
2945;10/07/2025 21:51;0;0;24.67;77.37;24.18;98.01;0.0;0.0;0.0
2946;10/07/2025 22:51;0;0;24.14;80.14;23.42;99.73;0.0;0.0;0.0
2947;10/07/2025 23:52;0;0;23.07;96.43;22.48;100;0.0;0.0;0.0
2948;11/07/2025 0:53;0;0;22.46;99.92;21.9;100;0.0;0.0;0.0
2949;11/07/2025 1:53;0;0;22.57;100;21.9;100;0.0;0.0;0.0
2950;11/07/2025 2:54;0;0;22.55;100;21.46;100;0.0;0.0;0.0
2951;11/07/2025 3:55;0;0;22.47;100;21.66;100;0.0;0.0;0.0
2952;11/07/2025 4:55;0;0;22.43;100;21.41;100;0.0;0.0;0.0
2953;11/07/2025 5:56;3.06;8.33;22.35;100;21.38;100;0.0;0.0;0.0
2954;11/07/2025 6:57;665.56;1733.19;22.58;100;21.81;100;0.0;0.0;0.0
2955;11/07/2025 7:57;1352.78;3760.97;24.08;97.35;23.44;100;0.0;0.0;0.0
2956;11/07/2025 9:18;5409.03;11199.7;28.22;75.62;29.14;88.64;0.0;0.0;0.0
2957;11/07/2025 10:19;7674.44;21714.4;32.02;55.72;32.95;72.12;0.0;0.0;0.0
2958;11/07/2025 11:30;7864.58;27174.7;33;52.21;33.48;67.77;0.0;0.0;0.0
2959;11/07/2025 13:01;20545.1;45664.3;38.73;37.86;39.35;51.25;0.0;0.0;0.0
2960;11/07/2025 14:02;11149.7;40302.5;36.89;41.07;36.33;56.38;0.0;0.0;0.0
2961;11/07/2025 15:02;7684.86;25523.5;36.41;37.89;36.21;54.64;0.0;0.0;0.0
2962;16/07/2025 11:09;12405.6;52125.7;38.27;39.5;37.66;53.62;0.0;0.0;0.0
2963;16/07/2025 12:10;21190.3;54612.5;38.97;34.93;39.22;48.55;0.0;0.0;0.0
2964;16/07/2025 13:10;23173.5;50265.8;40.84;31.75;42.45;41.73;0.0;0.0;0.0
2965;16/07/2025 14:11;13324;38492.9;41.15;29.95;41.4;41.43;0.0;0.0;0.0
2966;16/07/2025 15:12;5969.58;25847.6;38.3;32.32;38.82;43.82;0.0;0.0;0.0
2967;16/07/2025 16:12;3937.78;12016.4;36.29;38.53;37.85;50.47;0.0;0.0;0.0
2968;16/07/2025 17:13;2152.36;6541.11;35.57;38.21;36.28;52.41;0.0;0.0;0.0
2969;16/07/2025 18:13;342.36;1055.42;31.48;50.15;30.54;71.23;0.0;0.0;0.0
2970;16/07/2025 19:14;2.64;7.92;28.98;59.5;28.37;79.91;0.0;0.0;0.0
2971;16/07/2025 20:15;0;0;27.99;67.43;27.25;88.28;0.0;0.0;0.0
2972;16/07/2025 21:15;0;0;27.01;73.8;26.23;94.75;0.0;0.0;0.0
2973;16/07/2025 22:16;0;0;26.08;80.45;25.39;98.44;0.0;0.0;0.0
2974;16/07/2025 23:17;0;0;24.97;89.97;23.99;100;0.0;0.0;0.0
2975;17/07/2025 0:17;0;0;24.11;94.91;23.19;100;0.0;0.0;0.0
2976;17/07/2025 1:18;0;0;23.53;97.43;22.75;100;0.0;0.0;0.0
2977;17/07/2025 2:18;0;0;23.33;99.02;22.47;100;0.0;0.0;0.0
2978;17/07/2025 3:39;0;0;22.75;100;22.15;100;0.0;0.0;0.0
2979;17/07/2025 4:40;0;0;21.87;100;21.45;100;0.0;0.0;0.0
2980;17/07/2025 5:41;0;0.14;21.73;100;21;100;0.0;0.0;0.0
2981;17/07/2025 6:41;286.81;800.14;21.73;100;20.85;100;0.0;0.0;0.0
2982;17/07/2025 7:42;1460.69;3679.58;24.09;93.41;23.81;100;0.0;0.0;0.0
2983;17/07/2025 8:43;3026.11;6987.5;28.26;73.45;28.37;89.43;0.0;0.0;0.0
2984;17/07/2025 9:43;4840.42;9076.94;32.53;58.24;32.68;73.39;0.0;0.0;0.0
2985;17/07/2025 10:44;8555.83;32446.2;37.2;42.58;36.89;58.84;0.0;0.0;0.0
2986;17/07/2025 11:44;16344.7;54612.5;39.15;37.64;40.55;49.82;0.0;0.0;0.0
2987;17/07/2025 12:45;25908.6;54612.5;40.69;33.41;40.87;44.73;0.0;0.0;0.0
2988;17/07/2025 13:46;16768.2;54612.5;40.25;31.59;41.01;39.05;0.0;0.0;0.0
2989;17/07/2025 14:46;10497.1;54612.5;41.92;28.28;42.76;36.76;0.0;0.0;0.0
2990;17/07/2025 15:47;5516.94;26742.4;40.61;29.62;40.75;41.38;0.0;0.0;0.0
2991;17/07/2025 16:48;2458.47;6880.14;36.51;34.44;37.29;46.4;0.0;0.0;0.0
2992;17/07/2025 17:48;705.69;2055.14;33.04;42.49;32.52;59.03;0.0;0.0;0.0
2993;17/07/2025 18:49;103.75;309.44;30.81;51.74;30.02;72;0.0;0.0;0.0
2994;17/07/2025 19:50;0;0;29;60.33;28.33;80.58;0.0;0.0;0.0
2995;17/07/2025 22:42;0;0;25.18;85.34;24.69;99.22;0.0;0.0;0.0
2996;17/07/2025 23:42;0;0;23.91;96.44;23.49;100;0.0;0.0;0.0
2997;18/07/2025 0:43;0;0;23.64;97.32;22.96;100;0.0;0.0;0.0
2998;18/07/2025 1:43;0;0;23.14;99.26;22.35;100;0.0;0.0;0.0
2999;18/07/2025 2:44;0;0;22.76;99.69;21.98;100;0.0;0.0;0.0
3000;18/07/2025 3:45;0;0;22.13;100;21.32;100;0.0;0.0;0.0
3001;18/07/2025 4:45;0;0;21.65;100;20.67;100;0.0;0.0;0.0
3002;18/07/2025 5:46;0.42;1.25;21.25;100;20.25;100;0.0;0.0;0.0
3003;18/07/2025 6:47;281.39;720.28;21.27;100;20.31;100;0.0;0.0;0.0
3004;18/07/2025 7:47;1356.81;2393.06;23.82;91.27;23.95;97.95;0.0;0.0;0.0
3005;18/07/2025 8:48;2907.36;4697.36;29.13;65.32;29.4;80.91;0.0;0.0;0.0
3006;18/07/2025 9:48;5367.92;10524.4;34.34;52.68;34.75;64.6;0.0;0.0;0.0
3007;18/07/2025 10:49;9320.83;39426;37.53;40.17;37.41;55.46;0.0;0.0;0.0
3008;18/07/2025 11:50;16852.6;54612.5;39.42;36.15;40.43;45.95;0.0;0.0;0.0
3009;18/07/2025 12:50;24209.6;52663.8;40.93;31.67;41.79;40.45;0.0;0.0;0.0
3010;18/07/2025 13:51;17627.5;54612.5;41.23;30.42;42.08;40.66;0.0;0.0;0.0
3011;18/07/2025 14:52;5049.86;31097.8;39.21;33.05;39.08;44.97;0.0;0.0;0.0
3012;18/07/2025 15:52;3162.08;11966.1;37.72;33.8;37.7;46.54;0.0;0.0;0.0
3013;18/07/2025 16:53;2102.78;6982.36;34.75;38.7;34.06;54.67;0.0;0.0;0.0
3014;18/07/2025 17:53;449.31;1445.56;30.57;48.29;29.62;67.1;0.0;0.0;0.0
3015;18/07/2025 19:14;2.36;6.67;27.05;65.82;26.46;84.96;0.0;0.0;0.0
3016;18/07/2025 20:15;0;0;25.51;76.31;25.23;93.39;0.0;0.0;0.0
3017;18/07/2025 21:16;0;0;24.78;81.31;24.18;98.58;0.0;0.0;0.0
3018;18/07/2025 22:16;0;0;24;87.01;23.29;100;0.0;0.0;0.0
3019;18/07/2025 23:47;0;0;23.37;89.7;22.91;100;0.0;0.0;0.0
3020;19/07/2025 0:48;0;0;22.6;95.84;22.15;100;0.0;0.0;0.0
3021;19/07/2025 1:49;0;0;22.68;94.61;22.17;100;0.0;0.0;0.0
3022;19/07/2025 2:49;0;0;22.56;92.65;21.75;100;0.0;0.0;0.0
3023;19/07/2025 3:50;0;0;21.71;97.75;20.91;100;0.0;0.0;0.0
3024;19/07/2025 5:31;0;0;20.7;100;20.13;100;0.0;0.0;0.0
3025;19/07/2025 6:32;188.19;548.06;20.52;100;20.2;100;0.0;0.0;0.0
3026;19/07/2025 7:53;1982.08;5608.61;23.67;88.61;24;97.52;0.0;0.0;0.0
3027;19/07/2025 8:53;3528.89;8935.97;28.92;66.6;30;76.77;0.0;0.0;0.0
3028;19/07/2025 9:54;5405;14038.5;32.69;49.79;33.72;63.21;0.0;0.0;0.0
3029;19/07/2025 10:55;9366.39;41546.1;35.46;46.05;35.76;57.68;0.0;0.0;0.0
3030;19/07/2025 11:55;11080;39752.8;37.59;36.59;38.09;47.94;0.0;0.0;0.0
3031;19/07/2025 12:56;13644.6;39669.4;37.67;34.12;38.55;43.65;0.0;0.0;0.0
3032;19/07/2025 13:56;4325.56;13670.6;35.24;36.6;35.41;49.32;0.0;0.0;0.0
3033;19/07/2025 14:57;4665.42;22351.7;34.61;40.03;35.32;52.26;0.0;0.0;0.0
3034;19/07/2025 15:58;1829.72;6800.56;33.74;41.17;33.39;57.34;0.0;0.0;0.0
3035;19/07/2025 16:58;1868.89;6061.11;32.71;45.13;33.38;58.63;0.0;0.0;0.0
3036;19/07/2025 17:59;677.92;2084.86;31.44;46.63;31.03;63.7;0.0;0.0;0.0
3037;19/07/2025 19:50;0;0;26.46;74.85;25.81;94.26;0.0;0.0;0.0
3038;19/07/2025 20:51;0;0;24.87;88.2;24.48;100;0.0;0.0;0.0
3039;19/07/2025 21:52;0;0;24.15;92.71;23.69;100;0.0;0.0;0.0
3040;19/07/2025 22:52;0;0;23.34;96.63;23.15;100;0.0;0.0;0.0
3041;19/07/2025 23:53;0;0;23.16;97.76;22.6;100;0.0;0.0;0.0
3042;20/07/2025 0:53;0;0;23;97.89;22.19;100;0.0;0.0;0.0
3043;20/07/2025 1:54;0;0;22.69;96.77;21.81;100;0.0;0.0;0.0
3044;20/07/2025 3:25;0;0;21.93;99.15;21.29;100;0.0;0.0;0.0
3045;20/07/2025 4:26;0;0;20.92;100;20.42;100;0.0;0.0;0.0
3046;20/07/2025 5:26;0;0;20.87;100;20.19;100;0.0;0.0;0.0
3047;20/07/2025 6:27;104.58;278.61;20.8;100;19.83;100;0.0;0.0;0.0
3048;20/07/2025 7:28;858.47;1897.92;22.48;97.28;22.15;100;0.0;0.0;0.0
3049;20/07/2025 8:28;2312.36;4196.11;27.23;76.66;27.81;88.83;0.0;0.0;0.0
3050;20/07/2025 9:29;5271.8;11143.2;32.68;55.5;32.94;70.05;0.0;0.0;0.0
3051;20/07/2025 10:30;6303.06;21768.6;34.67;46.83;34.06;64.54;0.0;0.0;0.0
3052;20/07/2025 12:01;10033.1;35153.5;35.57;45.69;36.3;57.46;0.0;0.0;0.0
3053;20/07/2025 14:02;5278.06;20451;32.87;46.72;33.97;58.38;0.0;0.0;0.0
3054;20/07/2025 15:03;7083.61;34609.4;36.75;38.05;39.2;45.62;0.0;0.0;0.0
3055;20/07/2025 16:03;3426.94;13661.9;36.36;34.28;36.89;45.31;0.0;0.0;0.0
3056;20/07/2025 17:04;2128.33;7190.7;34.83;37.04;36.22;47.54;0.0;0.0;0.0
3057;20/07/2025 18:05;274.31;901.53;31.17;47.86;30.24;66.85;0.0;0.0;0.0
3058;20/07/2025 19:05;10.14;30;28.83;60.59;28.06;80.01;0.0;0.0;0.0
3059;20/07/2025 20:06;0;0;26.7;70.52;25.81;90.35;0.0;0.0;0.0
3060;20/07/2025 21:06;0;0;26.1;74.12;25.43;92.53;0.0;0.0;0.0
3061;20/07/2025 22:07;0;0;25.72;76.79;24.97;95.37;0.0;0.0;0.0
3062;20/07/2025 23:08;0;0;24.74;85.99;23.82;100;0.0;0.0;0.0
3063;21/07/2025 1:09;0;0;22.74;99.24;22.09;100;0.0;0.0;0.0
3064;21/07/2025 2:10;0;0;22.24;100;21.91;100;0.0;0.0;0.0
3065;21/07/2025 4:01;0;0;22.22;100;21.68;100;0.0;0.0;0.0
3066;21/07/2025 5:02;0;0;21.99;100;21.56;100;0.0;0.0;0.0
3067;21/07/2025 6:03;6.25;20.42;22.6;100;21.95;100;0.0;0.0;0.0
3068;21/07/2025 7:03;503.89;1474.86;23.2;99;22.55;100;0.0;0.0;0.0
3069;21/07/2025 8:04;1913.89;5100.69;25.68;87.05;25.93;96.58;0.0;0.0;0.0
3070;21/07/2025 9:04;3112.5;7677.22;29.99;65.05;29.71;80.94;0.0;0.0;0.0
3071;21/07/2025 10:05;5732.08;16355.6;32.55;56.15;32.85;70.79;0.0;0.0;0.0
3072;21/07/2025 11:06;8987.92;40948.3;35.72;46.86;36.33;59.82;0.0;0.0;0.0
3073;21/07/2025 12:06;12125.7;33190.3;37.43;41.62;38.68;52.94;0.0;0.0;0.0
3074;21/07/2025 14:08;4724.17;16124.7;33.39;51;34.17;63.35;0.0;0.0;0.0
3075;21/07/2025 15:09;6039.72;31666.1;34.92;47.74;36.04;59.45;0.0;0.0;0.0
3076;21/07/2025 16:30;2640.83;9467.36;33.13;48.31;33.43;62.15;0.0;0.0;0.0
3077;21/07/2025 17:30;811.11;2828.47;30.42;56.42;30.2;73.53;0.0;0.0;0.0
3078;21/07/2025 18:31;109.72;377.08;27.53;66.63;26.44;86.76;0.0;0.0;0.0
3079;21/07/2025 19:31;0;0;24.85;78.49;23.9;96.92;0.0;0.0;0.0
3080;21/07/2025 20:32;0;0;24.46;85.89;23.8;100;0.0;0.0;0.0
3081;21/07/2025 21:33;0;0;24.37;89.45;23.44;100;0.0;0.0;0.0
3082;21/07/2025 22:33;0;0;24.24;89.83;23.43;100;0.0;0.0;0.0
3083;21/07/2025 23:34;0;0;23.99;93.59;23.04;100;0.0;0.0;0.0
3084;22/07/2025 0:45;0;0;23.13;98.35;22.47;100;0.0;0.0;0.0
3085;22/07/2025 1:46;0;0;22.45;100;21.99;100;0.0;0.0;0.0
3086;22/07/2025 2:46;0;0;22.33;100;21.64;100;0.0;0.0;0.0
3087;22/07/2025 3:47;0;0;22.21;100;21.32;100;0.0;0.0;0.0
3088;22/07/2025 4:47;0;0;21.92;100;20.98;100;0.0;0.0;0.0
3089;22/07/2025 6:39;300.56;936.11;21.51;100;20.97;100;0.0;0.0;0.0
3090;22/07/2025 7:39;1773.89;5030.28;23.52;96.14;23.95;99.09;0.0;0.0;0.0
3091;22/07/2025 8:40;3156.53;8646.39;27.79;75.01;28.44;85.98;0.0;0.0;0.0
3092;22/07/2025 9:36;4063.89;12312.2;29.09;71.37;30.14;81.72;0.0;0.0;0.0
3093;22/07/2025 10:57;6834.03;27668.6;34.12;51.11;35.32;62.36;0.0;0.0;0.0
3094;22/07/2025 12:48;13351.7;38930.6;34.27;47.69;36.02;56.87;0.0;0.0;0.0
3095;22/07/2025 13:49;14161.7;44958.7;37.11;39.32;38.78;47.97;0.0;0.0;0.0
3096;22/07/2025 14:49;5194.58;20874.4;35.14;41.06;35.41;53.35;0.0;0.0;0.0
3097;22/07/2025 15:50;2029.03;8248.75;32.79;48.12;32.4;64.96;0.0;0.0;0.0
3098;22/07/2025 16:51;1474.86;5409.44;29.65;58.71;28.84;76.9;0.0;0.0;0.0
3099;22/07/2025 17:51;532.22;1796.94;26.11;71.43;25.01;91.32;0.0;0.0;0.0
3100;22/07/2025 18:52;23.47;69.03;25.57;72.26;25;89.18;0.0;0.0;0.0
3101;22/07/2025 19:53;0;0;25.14;78.39;24.3;96.84;0.0;0.0;0.0
3102;22/07/2025 20:53;0;0;24.53;86.67;23.53;100;0.0;0.0;0.0
3103;22/07/2025 22:04;0;0;23.39;99.7;22.35;100;0.0;0.0;0.0
3104;22/07/2025 23:05;0;0;22.89;100;22.06;100;0.0;0.0;0.0
3105;23/07/2025 0:36;0;0;22.78;100;22.04;100;0.0;0.0;0.0
3106;23/07/2025 2:07;0;0;21.92;100;21.26;100;0.0;0.0;0.0
3107;23/07/2025 3:08;0;0;21.88;100;21.25;100;0.0;0.0;0.0
3108;23/07/2025 4:19;0;0;21.88;100;21.06;100;0.0;0.0;0.0
3109;23/07/2025 5:19;0;0;21.25;100;20.54;100;0.0;0.0;0.0
3110;24/07/2025 11:30;13474.7;54612.5;37.98;40.2;38.95;51.35;0.0;0.0;0.0
3111;24/07/2025 12:31;23524.2;54612.5;38.99;35.64;40.61;44.27;0.0;0.0;0.0
3112;24/07/2025 13:32;13565.6;41219.6;40.13;33.01;40.53;42.94;0.0;0.0;0.0
3113;24/07/2025 14:32;6301.67;27588.5;38.28;34.89;39.24;44.42;0.0;0.0;0.0
3114;24/07/2025 15:33;4626.53;21286.2;38.34;34.62;39.5;43.7;0.0;0.0;0.0
3115;24/07/2025 16:34;2344.44;8378.47;36.83;35.61;36.46;49.92;0.0;0.0;0.0
3116;24/07/2025 17:34;617.08;2056.53;31.79;50.29;31.13;69.14;0.0;0.0;0.0
3117;24/07/2025 18:35;143.89;471.94;28.84;61.69;27.92;81.55;0.0;0.0;0.0
3118;24/07/2025 19:35;0;0;26.7;70.99;25.97;89.71;0.0;0.0;0.0
3119;24/07/2025 20:36;0;0;25.64;76.87;24.73;95.71;0.0;0.0;0.0
3120;24/07/2025 21:37;0;0;24.89;83.29;24.29;99.48;0.0;0.0;0.0
3121;24/07/2025 22:37;0;0;24.37;89.34;23.43;100;0.0;0.0;0.0
3122;24/07/2025 23:38;0;0;24.08;91.21;23.31;100;0.0;0.0;0.0
3123;25/07/2025 0:39;0;0;23.99;90.64;23.32;100;0.0;0.0;0.0
3124;25/07/2025 1:39;0;0;23.84;94.14;22.9;100;0.0;0.0;0.0
3125;25/07/2025 2:40;0;0;23.15;97.9;22.24;100;0.0;0.0;0.0
3126;25/07/2025 4:01;0;0;22.39;99.72;21.78;100;0.0;0.0;0.0
3127;25/07/2025 5:01;0;0;22;99.9;21.59;100;0.0;0.0;0.0
3128;25/07/2025 6:02;2.78;8.89;22.48;99.91;21.61;100;0.0;0.0;0.0
3129;25/07/2025 7:03;259.31;790.97;22.47;99.86;21.26;100;0.0;0.0;0.0
3130;25/07/2025 8:03;2943.75;7376.67;25.83;80.09;25.69;91.83;0.0;0.0;0.0
3131;25/07/2025 9:04;3119.17;5098.89;30.24;60.31;30.91;74.25;0.0;0.0;0.0
3132;25/07/2025 10:05;4844.72;10776.7;33.57;49.53;34.25;62.77;0.0;0.0;0.0
3133;25/07/2025 11:05;9788.47;51551.7;37.25;38;37.72;49.04;0.0;0.0;0.0
3134;25/07/2025 12:26;24126;54612.5;39.5;33.4;40.8;42.9;0.0;0.0;0.0
3135;25/07/2025 13:27;22645.1;54612.5;40.41;33.68;41.87;41.42;0.0;0.0;0.0
3136;25/07/2025 14:27;8231.81;49115.7;39.11;33.27;40.31;41.78;0.0;0.0;0.0
3137;25/07/2025 15:28;4221.25;23423.8;39.03;31.24;39.22;42.75;0.0;0.0;0.0
3138;25/07/2025 16:29;1276.11;5133.33;31.52;49.16;30.7;67.34;0.0;0.0;0.0
3139;25/07/2025 17:29;892.22;3475.69;30.29;52.06;30.15;67.88;0.0;0.0;0.0
3140;3/08/2025 19:23;0;0.28;23.38;78.09;22.83;92.43;0.0;0.0;0.0
3141;3/08/2025 20:23;0;0;23.02;82.06;22.68;94.13;0.0;0.0;0.0
3142;3/08/2025 21:24;0;0;22.91;85.96;22.16;97.93;0.0;0.0;0.0
3143;3/08/2025 22:24;0;0;22.44;92.2;21.54;100;0.0;0.0;0.0
3144;3/08/2025 23:25;0;0;22.17;93.88;21.26;100;0.0;0.0;0.0
3145;4/08/2025 0:26;0;0;21.67;99.31;20.53;100;0.0;0.0;0.0
3146;4/08/2025 1:26;0;0;21.24;100;20.23;100;0.0;0.0;0.0
3147;4/08/2025 2:27;0;0;21.08;100;20.16;100;0.0;0.0;0.0
3148;4/08/2025 3:28;0;0;20.71;100;19.69;100;0.0;0.0;0.0
3149;4/08/2025 4:28;0;0;20.58;100;19.54;100;0.0;0.0;0.0
3150;4/08/2025 5:29;0;0;21.11;100;20.17;100;0.0;0.0;0.0
3151;4/08/2025 6:29;61.81;312.5;21.09;100;20.01;100;0.0;0.0;0.0
3152;4/08/2025 7:30;704.03;3610.42;22.55;99.25;22.22;100;0.0;0.0;0.0
3153;4/08/2025 8:31;1436.25;8372.08;25.48;87.14;25.85;94.53;0.0;0.0;0.0
3154;4/08/2025 9:31;2023.19;11063.2;27.93;78.08;28.96;83.49;0.0;0.0;0.0
3155;4/08/2025 10:32;3276.81;25835.7;30.97;61;32.16;70.5;0.0;0.0;0.0
3156;4/08/2025 11:33;6854.3;48282.8;33.29;51.55;35.48;57.88;0.0;0.0;0.0
3157;4/08/2025 12:33;7477.22;38148.3;35.21;46.67;36.94;53.05;0.0;0.0;0.0
3158;4/08/2025 13:34;5167.22;36636.8;36.45;41.26;38.37;48.57;0.0;0.0;0.0
3159;4/08/2025 14:34;3347.78;28791.9;36.2;43.32;37.05;51.42;0.0;0.0;0.0
3160;4/08/2025 15:35;1274.44;8643.47;31.85;54.79;29.96;76.38;0.0;0.0;0.0
3161;4/08/2025 16:36;1652.22;9978.19;30.72;75.08;29.26;92.44;0.0;0.0;0.0
3162;4/08/2025 18:17;146.25;927.08;27.77;69.61;26.6;87.58;0.0;0.0;0.0
3163;4/08/2025 19:18;0.28;1.11;23.81;97.27;22.25;100;0.0;0.0;0.0
3164;4/08/2025 20:18;0;0;22.56;100;21.68;100;0.0;0.0;0.0
3165;4/08/2025 21:19;0;0;22.43;100;21.36;100;0.0;0.0;0.0
3166;4/08/2025 22:20;0;0;22.2;100;21.13;100;0.0;0.0;0.0
3167;4/08/2025 23:20;0;0;22.22;100;21.2;100;0.0;0.0;0.0
3168;5/08/2025 0:21;0;0;21.9;100;20.82;100;0.0;0.0;0.0
3169;5/08/2025 1:21;0;0;21.75;100;20.65;100;0.0;0.0;0.0
3170;5/08/2025 2:52;0;0;20.83;100;20.02;100;0.0;0.0;0.0
3171;5/08/2025 3:53;0;0;20.17;100;19.58;100;0.0;0.0;0.0
3172;5/08/2025 4:54;0;0;20.28;100;19.28;100;0.0;0.0;0.0
3173;5/08/2025 5:54;1.39;6.11;20.13;100;19.08;100;0.0;0.0;0.0
3174;5/08/2025 6:55;137.36;725;20.42;100;19.39;100;0.0;0.0;0.0
3175;5/08/2025 7:56;713.19;3435.83;21.89;98.71;21.31;100;0.0;0.0;0.0
3176;5/08/2025 8:56;1756.94;9208.75;25.15;86.46;25.42;94.09;0.0;0.0;0.0
3177;5/08/2025 9:57;3230.97;16076.1;28.95;74.4;29.85;79.82;0.0;0.0;0.0
3178;5/08/2025 10:58;4705.28;39443.5;32.95;53.94;34.14;62.52;0.0;0.0;0.0
3179;5/08/2025 11:58;10715.7;54054.7;34.86;45.45;37.13;52.78;0.0;0.0;0.0
3180;5/08/2025 12:59;8776.53;50711.8;35.94;40.43;38.15;47.25;0.0;0.0;0.0
3181;5/08/2025 13:59;3430;31189.6;34.86;41.45;35.6;48.73;0.0;0.0;0.0
3182;5/08/2025 15:00;2714.31;25727.9;34.74;42.84;35.83;46.97;0.0;0.0;0.0
3183;6/08/2025 11:08;4252.64;34137.5;33.11;48.8;34.9;56.09;0.0;0.0;0.0
3184;6/08/2025 12:09;11619.2;51181.8;35.81;40.34;37.07;49.1;0.0;0.0;0.0
3185;6/08/2025 13:09;11705.4;53532.5;37.38;35.19;39.14;42.79;0.0;0.0;0.0
3186;6/08/2025 14:10;4595.14;44999;37.57;35.42;38.24;43.17;0.0;0.0;0.0
3187;6/08/2025 15:11;4030;53918.9;38.97;33.04;39.19;36.66;0.0;0.0;0.0
3188;6/08/2025 16:11;2712.36;12810.8;38.99;29.54;39.22;35.79;0.0;0.0;0.0
3189;6/08/2025 18:02;470;2787.64;31.99;43.16;31.62;56.92;0.0;0.0;0.0
3190;6/08/2025 19:03;10.56;61.53;28.5;55.14;27.98;71;0.0;0.0;0.0
3191;6/08/2025 20:04;0;0;27.14;65;26.44;81.63;0.0;0.0;0.0
3192;6/08/2025 21:04;0;0;26.27;70.18;25.54;86.2;0.0;0.0;0.0
3193;6/08/2025 22:05;0;0;25.15;76.04;24.49;91.2;0.0;0.0;0.0
3194;6/08/2025 23:06;0;0;25.16;78.99;24.3;94.24;0.0;0.0;0.0
3195;7/08/2025 0:06;0;0;23.36;93.98;21.78;100;0.0;0.0;0.0
3196;7/08/2025 1:07;0;0;22.32;100;20.42;100;0.0;0.0;0.0
3197;7/08/2025 2:07;0;0;21.98;100;20.31;100;0.0;0.0;0.0
3198;7/08/2025 3:08;0;0;21.49;100;19.58;100;0.0;0.0;0.0
3199;7/08/2025 4:09;0;0;21.03;100;19.33;100;0.0;0.0;0.0
3200;7/08/2025 5:09;0;0;20.95;100;19.38;100;0.0;0.0;0.0
3201;7/08/2025 6:10;2.22;12.92;21.08;100;19.6;100;0.0;0.0;0.0
3202;7/08/2025 7:11;50.97;289.58;20.88;100;19.38;100;0.0;0.0;0.0
3203;7/08/2025 8:11;281.25;1575.28;21.12;100;19.51;100;0.0;0.0;0.0
3204;7/08/2025 9:12;1505.97;9140;22.87;99.4;20.94;100;0.0;0.0;0.0
3205;7/08/2025 10:12;2209.58;13913.6;25.24;89.53;23.15;100;0.0;0.0;0.0
3206;7/08/2025 11:13;2436.53;17113.3;26.1;83.71;25.52;98.84;0.0;0.0;0.0
3207;7/08/2025 12:14;3521.39;25414.2;28.32;70.74;29.2;80.95;0.0;0.0;0.0
3208;7/08/2025 13:14;9530.69;48032.2;33.34;54.79;35.64;60.26;0.0;0.0;0.0
3209;7/08/2025 14:15;4605.97;37874.2;33.89;49.18;35.24;58.08;0.0;0.0;0.0
3210;7/08/2025 15:16;3964.86;44654.3;35.76;43.67;37.12;52.57;0.0;0.0;0.0
3211;14/08/2025 13:12;14483.6;48946.7;37.38;37.03;38.99;47.31;0.0;0.0;0.0
3212;14/08/2025 14:32;3828.06;28984.6;33.85;44.35;35.46;54.39;0.0;0.0;0.0
3213;18/08/2025 8:24;1755.56;7935;24.9;92.52;24.97;99.48;0.0;0.0;0.0
3214;18/08/2025 9:25;2517.08;8875.56;29.07;70.16;29.74;82.28;0.0;0.0;0.0
3215;18/08/2025 10:25;4470.42;32692.5;31.18;61.55;31.93;73.91;0.0;0.0;0.0
3216;18/08/2025 11:26;4512.78;31786.5;32.67;52.68;33.55;66.66;0.0;0.0;0.0
3217;18/08/2025 12:26;11387.9;49474.2;34.67;49.53;36.52;59.11;0.0;0.0;0.0
3218;18/08/2025 13:27;13544.2;54612.5;37.04;42.02;38.52;53.14;0.0;0.0;0.0
3219;18/08/2025 14:28;6300.97;54612.5;37.57;38.02;38.06;48.76;0.0;0.0;0.0
3220;18/08/2025 15:28;2876.53;30985.6;37.69;37.41;37.43;48.41;0.0;0.0;0.0
3221;18/08/2025 16:29;2634.17;13437.2;38.2;36.19;37.31;49.3;0.0;0.0;0.0
3222;18/08/2025 17:30;847.64;4561.39;33.46;43.7;33.04;58.04;0.0;0.0;0.0
3223;18/08/2025 18:30;104.03;583.61;29.43;56.7;28.31;76.11;0.0;0.0;0.0
3224;18/08/2025 19:31;0;0;26.88;71.54;25.97;90.68;0.0;0.0;0.0
3225;18/08/2025 20:31;0;0;25.5;84.94;24.61;99.64;0.0;0.0;0.0
3226;18/08/2025 21:32;0;0;24.48;92.79;23.65;100;0.0;0.0;0.0
3227;18/08/2025 22:33;0;0;23.71;94.17;23.03;100;0.0;0.0;0.0
3228;18/08/2025 23:33;0;0;23.32;98.77;22.43;100;0.0;0.0;0.0
3229;19/08/2025 0:34;0;0;22.86;100;21.95;100;0.0;0.0;0.0
3230;19/08/2025 1:35;0;0;22.48;99.95;21.73;100;0.0;0.0;0.0
3231;19/08/2025 2:35;0;0;22.18;100;21.26;100;0.0;0.0;0.0
3232;19/08/2025 4:06;0;0;21.49;100;20.94;100;0.0;0.0;0.0
3233;19/08/2025 5:57;0.28;1.67;21.32;100;20.58;100;0.0;0.0;0.0
3234;19/08/2025 6:58;104.03;559.72;21.32;100;20.5;100;0.0;0.0;0.0
3235;19/08/2025 7:59;704.86;3706.67;22.25;100;21.47;100;0.0;0.0;0.0
3236;19/08/2025 9:00;1563.61;8592.22;24.13;94.15;23.5;100;0.0;0.0;0.0
3237;19/08/2025 10:00;2109.86;11701.7;24.95;77.18;24.23;93.52;0.0;0.0;0.0
3238;19/08/2025 11:01;3365.97;20483.6;27.89;63.15;27.92;76.84;0.0;0.0;0.0
3239;19/08/2025 12:01;5379.3;35561.8;31.49;55.26;33.42;63.17;0.0;0.0;0.0
3240;19/08/2025 13:02;9865.83;47272.4;34.95;43.55;36.65;52.43;0.0;0.0;0.0
3241;19/08/2025 14:03;5300.28;43715.8;34.36;42.24;35.87;51.97;0.0;0.0;0.0
3242;19/08/2025 15:03;5685.28;53039.3;39;35.82;40.91;42.96;0.0;0.0;0.0
3243;19/08/2025 16:04;2395.97;17657.8;37.99;37.55;36.92;51.09;0.0;0.0;0.0
3244;19/08/2025 17:05;1147.08;5541.53;34.27;44.77;34.48;57.81;0.0;0.0;0.0
3245;19/08/2025 18:05;275;1510.28;30.91;52.48;31.58;64.81;0.0;0.0;0.0
3246;19/08/2025 19:06;5.14;22.08;26.82;72.08;25.99;90.67;0.0;0.0;0.0
3247;19/08/2025 20:07;0;0;24.85;86.91;24.51;99.65;0.0;0.0;0.0
3248;19/08/2025 21:07;0;0;24.36;91.41;23.69;100;0.0;0.0;0.0
3249;19/08/2025 22:08;0;0;23.47;98.2;22.63;100;0.0;0.0;0.0
3250;19/08/2025 23:19;0;0;22.84;99.21;22.25;100;0.0;0.0;0.0
3251;20/08/2025 1:00;0;0;21.92;99.88;21.48;100;0.0;0.0;0.0
3252;20/08/2025 2:11;0;0;21.11;100;20.77;100;0.0;0.0;0.0
3253;20/08/2025 3:12;0;0;20.67;100;20.18;100;0.0;0.0;0.0
3254;20/08/2025 4:12;0;0;20.59;100;19.85;100;0.0;0.0;0.0
3255;20/08/2025 5:13;0;0;20.48;100;19.39;100;0.0;0.0;0.0
3256;20/08/2025 6:14;29.03;120.28;20.26;100;19.24;100;0.0;0.0;0.0
3257;20/08/2025 7:14;391.11;1940;21.18;100;20.6;100;0.0;0.0;0.0
3258;20/08/2025 8:15;1404.17;6821.8;23.83;93.59;23.63;99.97;0.0;0.0;0.0
3259;20/08/2025 9:15;2208.89;10198.3;27.07;77.98;27.56;89.35;0.0;0.0;0.0
3260;20/08/2025 10:16;3990.42;27701.1;32.48;57.78;33.81;68.02;0.0;0.0;0.0
3261;20/08/2025 11:17;7967.5;54612.5;35.25;46.76;36.62;58.16;0.0;0.0;0.0
3262;20/08/2025 12:17;14052.1;54612.5;36.89;41.25;38.39;52.78;0.0;0.0;0.0
3263;20/08/2025 13:18;11039.2;49350.4;38.06;38.02;39.68;48.57;0.0;0.0;0.0
3264;20/08/2025 14:19;4012.64;30338.9;37.23;39.84;37.43;51.55;0.0;0.0;0.0
3265;20/08/2025 15:19;2110.28;17190.3;34.3;45.08;34.28;59.74;0.0;0.0;0.0
3266;20/08/2025 16:20;1801.67;11374.6;35.69;39.65;34.46;56.12;0.0;0.0;0.0
3267;20/08/2025 17:20;685.69;4015.69;50.06;64.41;29.31;75.01;0.0;0.0;0.0
3268;20/08/2025 18:21;150.83;965;28.67;58.4;28.01;74.82;0.0;0.0;0.0
3269;20/08/2025 19:22;0;0.14;27.02;65.64;26.32;82.94;0.0;0.0;0.0
3270;20/08/2025 20:22;0;0;26.05;73.27;25.5;89.58;0.0;0.0;0.0
3271;22/08/2025 22:14;0;0;21.93;100;20.15;100;0.0;0.0;0.0
3272;22/08/2025 23:55;0;0;20.41;100;19.05;100;0.0;0.0;0.0
3273;23/08/2025 0:56;0;0;20.34;100;19.12;100;0.0;0.0;0.0
3274;23/08/2025 2:07;0;0;20.32;100;18.99;100;0.0;0.0;0.0
3275;23/08/2025 3:08;0;0;20.07;100;18.96;100;0.0;0.0;0.0
3276;23/08/2025 4:08;0;0;20.3;100;18.94;100;0.0;0.0;0.0
3277;23/08/2025 5:09;0;0;19.94;100;18.69;100;0.0;0.0;0.0
3278;23/08/2025 6:10;16.39;91.81;19.78;100;18.89;100;0.0;0.0;0.0
3279;23/08/2025 7:11;604.17;3370.42;21.43;100;20.28;100;0.0;0.0;0.0
3280;23/08/2025 9:32;2214.86;11839;26.8;80.81;26.62;96.85;0.0;0.0;0.0
3281;23/08/2025 10:33;3198.61;21318.1;29.57;67.41;30.7;78.45;0.0;0.0;0.0
3282;23/08/2025 11:33;21870.8;54612.5;32.04;61.13;34.06;67.7;0.0;42.39;17.51
3283;23/08/2025 12:34;27793.2;46215.8;36.28;43.57;37.15;55.79;0.0;41.29;9.97
3284;23/08/2025 13:35;21766.8;40527.5;36.74;41.17;36.41;55.95;0.0;41.79;4.84
3285;23/08/2025 14:35;18990.4;49651.2;38.69;36.85;37.71;50.89;0.0;41.81;0.58
3286;23/08/2025 15:36;10578.3;38161.9;39.86;33.26;36.89;52.11;0.0;41.77;0.0
3287;23/08/2025 16:37;4971.67;10170.7;38.32;35.55;35.83;53.91;0.0;41.87;0.0
3288;23/08/2025 17:37;1970.97;4383.61;32.34;49.9;31.93;66.45;0.0;39.96;0.0
3289;23/08/2025 18:38;103.89;250.69;27.2;73.38;25.97;90.94;0.0;38.51;0.0
3290;23/08/2025 19:38;0;0;25.06;87.23;24.14;99.35;0.0;40.88;0.0
3291;23/08/2025 20:39;0;0;23.96;97.48;23.13;100;0.0;39.61;0.0
3292;23/08/2025 21:40;0;0;23.26;99.18;22.35;100;0.0;39.06;0.0
3293;23/08/2025 22:40;0;0;22.66;100;21.71;100;0.0;40.78;0.0
3294;24/08/2025 0:21;0;0;22.1;100;21.48;100;0.0;38.38;0.0
3295;24/08/2025 1:22;0;0;21.49;100;20.92;100;0.0;33.61;0.0
3296;24/08/2025 2:23;0;0;21.6;100;20.86;100;0.0;43.47;0.0
3297;24/08/2025 3:23;0;0;21.32;100;20.29;100;0.0;39.22;0.0
3298;24/08/2025 4:24;0;0;21.32;100;20.27;100;0.0;39.37;0.0
3299;24/08/2025 5:25;0;0;21.34;100;20.31;100;0.0;41.61;0.0
3300;24/08/2025 6:25;121.67;295.83;21.17;100;20.13;100;0.0;40.59;0.0
3301;24/08/2025 7:36;1125.83;1802.36;22.71;98.51;22.42;100;0.0;38.42;0.0
3302;24/08/2025 8:37;4107.5;5100.28;27.13;78.06;27.3;90.9;0.0;42.54;0.0
3303;24/08/2025 9:37;6387.5;7401.53;32.75;52.88;32.41;70.51;0.0;42.55;0.0
3304;24/08/2025 10:38;11753.8;45758.6;36.03;43.9;35.18;62.63;0.0;48.3;0.0
3305;24/08/2025 11:39;25674.3;54612.5;38.49;38.24;38.43;53.13;0.0;44.88;0.0
3306;24/08/2025 12:50;27739.3;43789.3;38.44;35.67;39.22;46.98;0.0;47.24;0.0
3307;24/08/2025 13:50;26672.1;49982.5;39.94;32.37;39.64;45.76;0.0;41.33;0.0
3308;24/08/2025 14:51;14648.8;46000.7;42.45;27.57;40.3;43.21;0.0;40.45;0.0
3309;24/08/2025 15:51;8964.58;27931.7;44.05;24.13;40.38;40.16;0.0;8.61;0.0
3310;24/08/2025 18:13;333.19;847.64;30.18;51.94;29.97;67.69;0.0;2.47;0.0
3311;24/08/2025 19:14;0.97;2.22;27.44;66.87;27.06;81.89;0.0;0.76;0.0
3312;24/08/2025 20:14;0;0;26.17;73.46;25.63;89.07;0.0;2.87;0.0
3313;24/08/2025 21:15;0;0;25.29;79.12;24.52;95.2;0.0;2.13;0.0
3314;24/08/2025 22:16;0;0;24.49;87.24;23.55;99.08;0.0;0.48;0.0
3315;24/08/2025 23:16;0;0;23.54;96.35;22.51;100;0.0;1.16;0.0
3316;25/08/2025 0:17;0;0;23.31;97.77;22.44;100;0.0;1.51;0.0
3317;25/08/2025 1:18;0;0;23.17;95.54;22.33;100;0.0;3.49;0.0
3318;25/08/2025 2:18;0;0;22.88;100;21.62;100;0.0;3.61;0.0
3319;25/08/2025 3:19;0;0;22.38;100;20.82;100;0.0;4.64;0.0
3320;25/08/2025 4:19;0;0;22;100;20.67;100;0.0;1.31;0.0
3321;25/08/2025 5:20;0;0;22.05;100;20.84;100;0.0;3.11;0.0
3322;25/08/2025 6:31;155.83;405.42;21.77;100;20.81;100;0.0;7.06;0.0
3323;25/08/2025 7:32;1389.03;3555.42;22.69;100;21.85;100;0.0;3.76;0.0
3324;25/08/2025 8:32;2946.81;7796.11;24.69;97.33;24;100;0.0;0.28;0.0
3325;25/08/2025 9:33;5749.03;14354;28.81;76.34;28.27;93.37;0.0;0.84;0.0
3326;25/08/2025 10:33;11781.8;44233.9;34.59;52.16;34.8;67.36;0.0;0.0;0.0
3327;25/08/2025 11:34;9022.92;26999.7;34.45;49.83;33.93;66.73;0.0;0.0;0.0
3328;25/08/2025 12:35;6282.78;17104.9;32.05;54.97;31.75;71.76;0.0;0.0;0.0
3329;25/08/2025 13:35;7320.14;20137.2;32.9;52.23;33.24;65.67;0.0;0.0;0.0
3330;25/08/2025 14:36;9401.94;26935.1;35.22;46.04;34.68;62.38;0.0;0.0;0.0
3331;25/08/2025 15:37;9429.58;31309.6;40.12;34.75;37.49;54.29;0.0;0.0;0.0
3332;25/08/2025 16:37;5772.92;13119.2;38.04;37.37;36.03;55.22;0.0;0.0;0.0
3333;25/08/2025 18:29;155.97;402.64;28.89;60.95;27.83;79.06;0.0;0.0;0.0
3334;25/08/2025 20:10;0;0;24.88;86.84;24.54;99.37;0.0;0.0;0.0
3335;25/08/2025 21:51;0;0;23.37;90.8;22.99;100;0.0;0.0;0.0
3336;25/08/2025 22:52;0;0;22.57;97.15;22.07;100;0.0;0.0;0.0
3337;26/08/2025 0:33;0;0;21.58;99.89;21.12;100;0.0;0.0;0.0
3338;26/08/2025 1:34;0;0;21.06;100;20.65;100;0.0;0.0;0.0
3339;26/08/2025 2:34;0;0;20.87;100;20.06;100;0.0;0.0;0.0
3340;26/08/2025 3:35;0;0;20.71;100;19.7;100;0.0;0.0;0.0
3341;26/08/2025 4:36;0;0;20.52;100;19.36;100;0.0;0.0;0.0
3342;26/08/2025 5:36;0;0;20.15;100;19;100;0.0;0.0;0.0
3343;26/08/2025 6:37;153.75;352.22;20.1;100;18.9;100;0.0;0.0;0.0
3344;26/08/2025 8:50;4511.67;4417.78;28.33;69.55;27.68;85.17;0.0;0.0;0.0
3345;26/08/2025 9:50;7234.17;9053.33;33.33;50.83;32.43;69.85;0.0;0.0;0.0
3346;26/08/2025 10:51;10376.7;42831.7;35.14;46.07;35.12;61.63;0.0;0.0;0.0
3347;26/08/2025 11:52;16049.6;46619.3;36.26;42.54;36.34;57.09;0.0;0.0;0.0
3348;26/08/2025 12:52;21565.3;46958.2;37.84;38;38.25;51.53;0.0;0.0;0.0
3349;26/08/2025 13:53;26733.9;54413.3;40.19;31.62;38.92;46.96;0.0;0.0;0.0
3350;26/08/2025 14:54;16331.1;48246.1;42.82;26.77;39.7;43.39;0.0;0.0;0.0
3351;26/08/2025 15:54;6152.64;20627.4;40.22;30.3;37.64;47.46;0.0;0.0;0.0
3352;26/08/2025 16:55;1029.31;2511.81;29.5;58.32;27.36;81.25;0.0;0.0;0.0
3353;26/08/2025 18:06;316.53;777.08;25.69;81.46;24.44;98.78;0.0;0.0;0.0
3354;26/08/2025 19:06;2.5;6.94;24.33;93;23.53;100;0.0;0.0;0.0
3355;26/08/2025 20:07;0;0;24.38;90.55;23.63;100;0.0;0.0;0.0
3356;26/08/2025 21:08;0;0;24.18;92.64;23.21;100;0.0;0.0;0.0
3357;26/08/2025 22:08;0;0;23.95;96.15;22.9;100;0.0;0.0;0.0
3358;26/08/2025 23:09;0;0;23.58;98.53;22.44;100;0.0;0.0;0.0
3359;27/08/2025 0:09;0;0;22.92;100;21.85;100;0.0;0.0;0.0
3360;27/08/2025 1:20;0;0;22.42;100;21.63;100;0.0;0.0;0.0
3361;27/08/2025 2:21;0;0;21.98;100;21.38;100;0.0;0.0;0.0
3362;27/08/2025 3:22;0;0;21.92;100;20.94;100;0.0;0.0;0.0
3363;27/08/2025 4:22;0;0;21.52;100;20.42;100;0.0;0.0;0.0
3364;27/08/2025 5:23;0;0;21.31;100;20.07;100;0.0;0.0;0.0
3365;27/08/2025 6:24;101.53;250.28;21.16;100;19.88;100;0.0;0.0;0.0
3366;27/08/2025 7:24;1202.36;2887.64;22.84;97.96;21.93;100;0.0;0.0;0.0
3367;27/08/2025 8:25;4308.61;4465;27.38;79.04;26.72;92;0.0;0.0;0.0
3368;27/08/2025 9:25;5484.72;5602.78;33.51;51.72;32.23;70.57;0.0;0.0;0.0
3369;27/08/2025 10:26;9968.19;37282.6;35.98;42.54;35.22;59.76;0.0;0.0;0.0
3370;27/08/2025 11:27;21330.7;54612.5;37.83;38.99;37.66;54.71;0.0;0.0;0.0
3371;27/08/2025 12:48;36471.2;54612.5;39.25;34.47;39.49;48.2;0.0;0.0;0.0
3372;27/08/2025 13:48;32506.7;54612.5;41.5;29.93;40.3;45.24;0.0;0.0;0.0
3373;27/08/2025 14:49;18050.1;54612.5;43.47;25.46;40.54;41.62;0.0;0.0;0.0
3374;27/08/2025 15:50;9177.5;27676.7;45.2;22.74;41.61;39.16;0.0;0.0;0.0
3375;27/08/2025 16:50;3906.94;7470.28;41.36;26.44;38.43;43.21;0.0;0.0;0.0
3376;27/08/2025 17:51;1589.17;3843.89;36.41;34.9;36.31;47.09;0.0;0.0;0.0
3377;27/08/2025 18:51;30.83;71.94;30.88;51.76;29.63;69.29;0.0;0.0;0.0
3378;27/08/2025 21:23;0;0;25.78;76.01;25.4;89.5;0.0;0.0;0.0
3379;27/08/2025 22:24;0;0;25.25;76.12;24.93;89.24;0.0;0.0;0.0
3380;27/08/2025 23:24;0;0;25;78.67;24.22;93.75;0.0;0.0;0.0
3381;28/08/2025 0:25;0;0;24.38;85.83;23.34;100;0.0;0.0;0.0
3382;28/08/2025 1:26;0;0;23.85;91.04;22.73;100;0.0;0.0;0.0
3383;28/08/2025 2:26;0;0;23.07;96.92;21.96;100;0.0;0.0;0.0
3384;28/08/2025 3:27;0;0;22.68;99.76;21.69;100;0.0;0.0;0.0
3385;28/08/2025 4:28;0;0;22.53;99.86;21.41;100;0.0;0.0;0.0
3386;28/08/2025 6:19;63.89;161.67;21.95;100;20.99;100;0.0;0.0;0.0
3387;28/08/2025 7:19;882.64;2114.86;22.22;100;21.95;100;0.0;0.0;0.0
3388;28/08/2025 8:30;3780.97;6325.97;27.16;79.23;27.07;91.32;0.0;0.0;0.0
3389;28/08/2025 9:31;5598.19;12265.7;31.37;57.4;31.29;72.83;0.0;0.0;0.0
3390;28/08/2025 10:32;8663.75;30084.7;34.66;46.16;34.7;62.34;0.0;0.0;0.0
3391;28/08/2025 11:32;20938.9;54612.5;37.73;39.64;37.55;54.27;0.0;0.0;0.0
3392;28/08/2025 12:33;33630.4;54612.5;40.26;32.87;40.38;45.91;0.0;0.0;0.0
3393;28/08/2025 13:33;31946.7;54612.5;41.83;27.92;41.19;41;0.0;0.0;0.0
3394;28/08/2025 14:34;22491.4;54612.5;44.52;19.33;42.44;31.41;0.0;0.0;0.0
3395;28/08/2025 15:35;10309.4;36903.5;45.87;14.14;42.22;26.44;0.0;0.0;0.0
3396;28/08/2025 16:35;4719.72;8488.47;41.57;21.55;38.18;36.23;0.0;0.0;0.0
3397;28/08/2025 17:36;1569.86;3046.25;36.7;23.08;36.36;32.84;0.0;0.0;0.0
3398;28/08/2025 18:37;92.78;219.03;31.03;31.54;29.94;43.13;0.0;0.0;0.0
3399;28/08/2025 19:37;0;0;28.75;37.94;28.02;49.25;0.0;0.0;0.0
3400;28/08/2025 22:09;0;0;25.63;64.61;24.87;78.95;0.0;0.0;0.0
3401;28/08/2025 23:10;0;0;24.47;70.72;23.79;84.5;0.0;0.0;0.0
3402;29/08/2025 0:10;0;0;23.16;78.26;22.2;92.46;0.0;0.0;0.0
3403;29/08/2025 1:11;0;0;22.15;86.65;21.15;99.59;0.0;0.0;0.0
3404;29/08/2025 2:11;0;0;21.4;93.36;20.33;100;0.0;0.0;0.0
3405;29/08/2025 3:12;0;0;20.83;94.78;19.88;100;0.0;0.0;0.0
3406;29/08/2025 4:13;0;0;20.42;93.81;19.51;100;0.0;0.0;0.0
3407;29/08/2025 5:14;0;0;19.67;97.05;18.94;100;0.0;0.0;0.0
3408;29/08/2025 6:14;47.22;110.14;19.13;99.53;18.64;100;0.0;0.0;0.0
3409;29/08/2025 7:15;517.22;1049.44;19.55;97.87;19.28;100;0.0;0.0;0.0
3410;29/08/2025 9:27;5658.06;6020.28;32.12;46.24;30.91;63.95;0.0;0.0;0.0
3411;29/08/2025 10:27;10593.9;39125.7;35.83;37.42;35.43;50.67;0.0;0.0;0.0
3412;29/08/2025 11:28;22558.6;54612.5;38.94;29.85;38.55;42.14;0.0;0.0;0.0
3413;29/08/2025 12:28;35211.5;54612.5;39.94;25.35;40.44;34.38;0.0;0.0;0.0
3414;29/08/2025 13:39;33340.7;54612.5;41.9;21.25;40.89;31.14;0.0;0.0;0.0
3415;29/08/2025 14:40;20124.7;54612.5;44.04;20.53;41.09;31.66;0.0;0.0;0.0
3416;29/08/2025 15:41;9667.78;32829.4;44.4;19.08;39.89;32.42;0.0;0.0;0.0
3417;29/08/2025 16:41;4717.22;8694.16;40.94;23.93;37.8;38.78;0.0;0.0;0.0
3418;29/08/2025 17:42;1338.19;3175.56;33.99;39.85;32.25;56.69;0.0;0.0;0.0
3419;29/08/2025 18:42;63.19;158.89;30.14;49.63;28.98;66.33;0.0;0.0;0.0
3420;29/08/2025 19:43;0;0;27.67;62.44;26.75;78.14;0.0;0.0;0.0
3421;29/08/2025 20:44;0;0;26.35;68.41;25.55;83.13;0.0;0.0;0.0
3422;29/08/2025 21:44;0;0;25.54;72.38;24.64;87.22;0.0;0.0;0.0
3423;30/08/2025 0:36;0;0;22.83;93.96;22.04;100;0.0;0.0;0.0
3424;30/08/2025 1:37;0;0;22.86;94.43;22.2;100;0.0;0.0;0.0
3425;30/08/2025 2:38;0;0;22.62;94.68;21.92;100;0.0;0.0;0.0
3426;30/08/2025 3:38;0;0;21.07;100;19.39;100;0.0;0.0;0.0
3427;30/08/2025 4:39;0;0;20.6;100;18.92;100;0.0;0.0;0.0
3428;30/08/2025 5:40;0;0.14;20.71;100;19.17;100;0.0;0.0;0.0
3429;30/08/2025 6:51;503.33;1176.67;20.92;100;19.7;100;0.0;0.0;0.0
3430;30/08/2025 8:22;3600.56;3455.83;26.26;79.52;25.12;96.25;0.0;0.0;0.0
3431;30/08/2025 9:23;5473.89;5774.58;32.03;55.72;30.15;77.36;0.0;0.0;0.0
3432;30/08/2025 10:23;10062.2;36049;35.51;42.94;34.12;60.56;0.0;0.0;0.0
3433;30/08/2025 11:24;20149;54612.5;37.6;37.48;36.76;52.78;0.0;0.0;0.0
3434;30/08/2025 12:25;34179;54612.5;37.59;37.88;38.21;49.99;0.0;0.0;0.0
3435;30/08/2025 13:25;33682.9;51851.5;40.19;32.13;39.67;44.59;0.0;0.0;0.0
3436;30/08/2025 14:26;21226.1;51018.1;43.41;26.56;41.39;39.37;0.0;0.0;0.0
3437;30/08/2025 15:26;12666.4;42581;43.2;24.29;39.89;39.43;0.0;0.0;0.0
3438;30/08/2025 16:27;5944.03;11261.5;42.32;26.32;39.08;41.82;0.0;0.0;0.0
3439;30/08/2025 17:28;1823.47;3650.56;35.86;37.73;34.05;54.1;0.0;0.0;0.0
3440;30/08/2025 18:28;191.81;489.72;29.95;51.88;28.78;69.48;0.0;0.0;0.0
3441;30/08/2025 19:29;0;0;27.93;61.35;27.04;77.21;0.0;0.0;0.0
3442;30/08/2025 20:30;0;0;27.21;65.97;26.29;81.54;0.0;0.0;0.0
3443;30/08/2025 21:30;0;0;26.36;69.26;25.49;84.36;0.0;0.0;0.0
3444;30/08/2025 22:31;0;0;25.45;74.9;24.59;89.93;0.0;0.0;0.0
3445;30/08/2025 23:32;0;0;24.67;83;23.45;99.35;0.0;0.0;0.0
3446;31/08/2025 0:32;0;0;23.33;87.59;22.13;100;0.0;0.0;0.0
3447;31/08/2025 2:23;0;0;22.15;95.25;21.03;100;0.0;0.0;0.0
3448;31/08/2025 3:24;0;0;20.98;100;19.7;100;0.0;0.0;0.0
3449;31/08/2025 4:25;0;0;20.58;100;19.51;100;0.0;0.0;0.0
3450;31/08/2025 5:25;0;0;20.35;100;19.36;100;0.0;0.0;0.0
3451;31/08/2025 6:26;196.39;505.69;20.37;100;19.14;100;0.0;0.0;0.0
3452;31/08/2025 7:27;1512.22;3263.06;22.21;98.82;21.02;100;0.0;0.0;0.0
3453;31/08/2025 9:08;6244.44;8007.92;31.78;58.08;29.93;78.41;0.0;0.0;0.0
3454;31/08/2025 10:08;8141.53;21815.3;33.15;48.87;32.16;67.02;0.0;0.0;0.0
3455;31/08/2025 12:00;19812.9;41277.8;36.28;40.92;36.16;55.03;0.0;0.0;0.0
3456;31/08/2025 13:00;11404.4;31845.8;36.81;38.39;36.43;52.8;0.0;0.0;0.0
3457;31/08/2025 14:01;13294.2;31103.6;36.76;37.71;36.01;51.97;0.0;0.0;0.0
3458;31/08/2025 15:02;6700.14;24582.9;33.11;51.39;31.08;72.37;0.0;0.0;0.0
3459;31/08/2025 16:02;7319.03;17953.9;39.27;35.97;36.13;56.45;0.0;0.0;0.0
3460;31/08/2025 17:03;3275.42;7502.36;35.81;42.14;33.1;62.72;0.0;0.0;0.0
3461;31/08/2025 18:03;625.97;1728.75;29.62;61.88;27.08;84.49;0.0;0.0;0.0
3462;31/08/2025 19:04;0.97;2.78;24.14;93.17;21.36;100;0.0;0.0;0.0
3463;31/08/2025 20:05;0;0;23.28;100;21.42;100;0.0;0.0;0.0
3464;31/08/2025 21:05;0;0;23.05;100;21.19;100;0.0;0.0;0.0
3465;31/08/2025 22:46;0;0;22.41;100;21.01;100;0.0;0.0;0.0
3466;1/09/2025 0:28;0;0;22.1;100;20.99;100;0.0;0.0;0.0
3467;1/09/2025 1:59;0;0;21.93;100;20.81;100;0.0;0.0;0.0
3468;1/09/2025 2:59;0;0;21.85;100;20.8;100;0.0;0.0;0.0
3469;1/09/2025 4:50;0;0;21.6;100;20.44;100;0.0;0.0;0.0
3470;1/09/2025 6:32;201.11;510.28;21.24;100;20.3;100;0.0;0.0;0.0
3471;1/09/2025 7:32;1580.28;3865.14;22.88;100;21.97;100;0.0;0.0;0.0
3472;1/09/2025 8:33;4883.06;6581.94;28.44;77.36;26.95;96.14;0.0;0.0;0.0
3473;1/09/2025 9:34;6280.83;6766.11;33.47;54.62;31.96;75.97;0.0;0.0;0.0
3474;1/09/2025 10:34;9773.61;36485.1;36.28;45.04;35.09;63.74;0.0;0.0;0.0
3475;1/09/2025 11:35;9947.92;28847.5;34.82;46.45;34.16;64.33;0.0;0.0;0.0
3476;1/09/2025 14:57;5435.14;14646;32.1;58.52;31.42;78.07;0.0;0.0;0.0
3477;1/09/2025 16:17;5898.33;10390.8;37.84;42.37;35.43;64.97;0.0;0.0;0.0
3478;1/09/2025 17:18;3403.75;7212.36;37.03;39.92;34.79;62.02;0.0;0.0;0.0
3479;1/09/2025 18:19;280.56;725.28;28.53;70.27;26.32;93.03;0.0;0.0;0.0
3480;1/09/2025 19:19;0;0.14;25.8;84.34;24.44;100;0.0;0.0;0.0
3481;1/09/2025 20:20;0;0;25.53;84.29;24.31;100;0.0;0.0;0.0
3482;1/09/2025 21:20;0;0;25.23;87.81;24.02;100;0.0;0.0;0.0
3483;1/09/2025 22:21;0;0;24.73;92.09;23.48;100;0.0;0.0;0.0
3484;1/09/2025 23:22;0;0;24.17;96.05;22.96;100;0.0;0.0;0.0
3485;2/09/2025 0:22;0;0;23.65;99.88;22.45;100;0.0;0.0;0.0
3486;2/09/2025 1:23;0;0;23.57;99.99;22.41;100;0.0;0.0;0.0
3487;2/09/2025 2:24;0;0;23.28;98.22;22.21;100;0.0;0.0;0.0
3488;2/09/2025 3:24;0;0;22.72;90.19;21.59;100;0.0;0.0;0.0
3489;2/09/2025 4:25;0;0;22.23;94.27;21.13;100;0.0;0.0;0.0
3490;2/09/2025 5:25;0;0;22.02;97.54;20.8;100;0.0;0.0;0.0
3491;2/09/2025 6:26;113.89;304.72;21.61;100;20.56;100;0.0;0.0;0.0
3492;2/09/2025 7:27;889.86;2106.67;22.93;97.25;22.09;100;0.0;0.0;0.0
3493;2/09/2025 8:48;3026.39;8072.08;26.74;77.48;26;94.33;0.0;0.0;0.0
3494;2/09/2025 9:48;6928.06;11206;31.62;59.76;31.27;75.96;0.0;0.0;0.0
3495;2/09/2025 10:49;14023.3;54612.5;36.48;43.29;35.65;61.57;0.0;0.0;0.0
3496;2/09/2025 11:50;26872.1;52149.3;38.11;37.36;37.53;51.97;0.0;0.0;0.0
3497;2/09/2025 12:50;37506.2;54612.5;40.26;31.04;40.07;43.19;0.0;0.0;0.0
3498;2/09/2025 13:51;28275.6;49922.8;41.78;26.86;40.3;40.73;0.0;0.0;0.0
3499;2/09/2025 14:51;11050.4;33558.8;39.67;30.14;37.35;45.16;0.0;0.0;0.0
3500;2/09/2025 15:52;7482.36;19380.4;42.26;26.2;39.09;42.21;0.0;0.0;0.0
3501;2/09/2025 16:53;3794.58;8570.56;35.24;40.65;32.2;62.59;0.0;0.0;0.0
3502;2/09/2025 17:53;469.17;1115.42;28.85;64;27.12;85.22;0.0;0.0;0.0
3503;2/09/2025 18:54;15.56;39.86;26.64;72.05;25.4;90.66;0.0;0.0;0.0
3504;2/09/2025 20:45;0;0;24.11;84.75;23.26;99.79;0.0;0.0;0.0
3505;2/09/2025 21:46;0;0;23.38;88.12;22.67;100;0.0;0.0;0.0
3506;2/09/2025 22:46;0;0;23.26;90.62;22.25;100;0.0;0.0;0.0
3507;2/09/2025 23:47;0;0;22.43;97.95;21.49;100;0.0;0.0;0.0
3508;3/09/2025 1:29;0;0;21.45;100;20.87;100;0.0;0.0;0.0
3509;3/09/2025 2:29;0;0;21.31;100;20.69;100;0.0;0.0;0.0
3510;3/09/2025 3:30;0;0;21.55;100;20.59;100;0.0;0.0;0.0
3511;3/09/2025 5:21;0;0;21.24;100;20.44;100;0.0;0.0;0.0
3512;3/09/2025 6:22;68.47;162.5;20.75;100;20.06;100;0.0;0.0;0.0
3513;3/09/2025 8:33;3128.61;5413.75;24.95;86.61;25.06;95.26;0.0;0.0;0.0
3514;3/09/2025 9:34;6810.97;13668.6;31.18;58.87;31.22;74.23;0.0;0.0;0.0
3515;3/09/2025 10:34;10225.8;42129.3;35.42;43.9;34.89;60.69;0.0;0.0;0.0
3516;3/09/2025 11:35;22744.6;52705.6;37.57;39.03;36.98;55.25;0.0;0.0;0.0
3517;3/09/2025 12:36;32057.2;49028.5;40.46;33.28;39.17;49.67;0.0;0.0;0.0
3518;3/09/2025 13:36;18078.2;46535.7;38.54;35.27;37.38;52.11;0.0;0.0;0.0
3519;3/09/2025 14:37;12445.8;38396.9;39.63;33.24;37.62;50.65;0.0;0.0;0.0
3520;3/09/2025 15:38;11081.4;36781.2;43.21;25.68;38.93;45.04;0.0;0.0;0.0
3521;3/09/2025 16:38;4297.36;8064.72;41.45;27.41;38.09;45.12;0.0;0.0;0.0
3522;3/09/2025 17:39;2697.78;6249.58;38.57;32.71;35.8;50.9;0.0;0.0;0.0
3523;3/09/2025 18:40;101.94;262.78;29.63;56.64;27.84;77.43;0.0;0.0;0.0
3524;3/09/2025 19:40;0;0;26.99;65.83;25.83;84.28;0.0;0.0;0.0
3525;3/09/2025 20:41;0;0;25.95;74.05;24.81;91.97;0.0;0.0;0.0
3526;3/09/2025 21:41;0;0;25.33;79.57;24.45;96.16;0.0;0.0;0.0
3527;3/09/2025 22:42;0;0;24.42;86.57;23.18;100;0.0;0.0;0.0
3528;3/09/2025 23:43;0;0;23.79;88.58;22.82;100;0.0;0.0;0.0
3529;4/09/2025 0:43;0;0;23.05;93.77;21.96;100;0.0;0.0;0.0
3530;4/09/2025 1:44;0;0;22.68;92.63;21.75;100;0.0;0.0;0.0
3531;4/09/2025 2:45;0;0;22.68;92.35;21.66;100;0.0;0.0;0.0
3532;4/09/2025 3:45;0;0;22.51;93;21.32;100;0.0;0.0;0.0
3533;4/09/2025 5:36;0;0;21.97;98.14;20.99;100;0.0;0.0;0.0
3534;4/09/2025 6:37;163.06;446.39;21.8;100;21.23;100;0.0;0.0;0.0
3535;4/09/2025 9:09;4973.89;12408.5;27.24;81.18;26.69;95.24;0.0;0.0;0.0
3536;4/09/2025 10:10;6989.86;19235;30.86;63.73;30.25;81.94;0.0;0.0;0.0
3537;4/09/2025 11:31;13462.9;39714.4;34.03;49.17;34.13;64.69;0.0;0.0;0.0
3538;4/09/2025 12:52;28399.9;54612.5;37.36;40.43;37.19;54.86;0.0;0.0;0.0
3539;4/09/2025 13:52;18364.3;46852.9;38.22;33.93;37.26;49.98;0.0;0.0;0.0
3540;4/09/2025 15:13;7356.94;24569.2;36.4;38.12;33.96;56.96;0.0;0.0;0.0
3541;4/09/2025 16:14;4715.56;10877.5;34.46;42.91;32.67;61.57;0.0;0.0;0.0
3542;4/09/2025 17:45;1610.42;3662.36;34.21;40.3;32.69;57.19;0.0;0.0;0.0
3543;4/09/2025 18:46;21.11;56.67;28.98;56.8;28.01;73.63;0.0;0.0;0.0
3544;4/09/2025 19:46;0;0;26.94;64.35;25.99;81.07;0.0;0.0;0.0
3545;4/09/2025 20:47;0;0;26.16;68.3;25.26;83.82;0.0;0.0;0.0
3546;4/09/2025 21:47;0;0;25.57;70.08;24.66;86.14;0.0;0.0;0.0
3547;4/09/2025 22:48;0;0;23.28;92.72;23.64;91.1;0.0;0.0;0.0
3548;4/09/2025 23:49;0;0;22.76;95.25;23.17;95.84;0.0;0.0;0.0
3549;5/09/2025 0:49;0;0;22.78;97.47;22.39;99.51;0.0;0.0;0.0
3550;5/09/2025 2:51;0;0;21.75;100;21.35;100;0.0;0.0;0.0
3551;5/09/2025 3:51;0;0;21.59;100;21;100;0.0;0.0;0.0
3552;5/09/2025 5:33;0;0;21.62;100;20.85;100;0.0;0.0;0.0
3553;5/09/2025 6:33;271.94;700.42;21.46;100;20.91;100;0.0;0.0;0.0
3554;5/09/2025 8:04;3152.64;6252.5;26.13;79.66;26.22;90.01;0.0;0.0;0.0
3555;5/09/2025 9:56;7410;18164.6;33.27;48.69;32.59;66.7;0.0;0.0;0.0
3556;5/09/2025 10:56;8825.28;28966.4;33.71;47.67;32.47;65.5;0.0;0.0;0.0
3557;5/09/2025 11:57;6032.36;16568.8;30.4;60.83;28.98;82.82;0.0;0.0;0.0
3558;5/09/2025 13:48;19281;40482.1;36.83;38.44;36.74;52.05;0.0;0.0;0.0
3559;5/09/2025 14:49;2754.03;7413.19;31.52;50.48;29.83;70.57;0.0;0.0;0.0
3560;5/09/2025 15:49;5184.86;13707.1;29.85;61.63;27.87;85.76;0.0;0.0;0.0
3561;5/09/2025 16:50;2605;7094.44;29.4;61.88;28.15;81.02;0.0;0.0;0.0
3562;5/09/2025 17:50;622.78;1629.44;27.08;73.01;25.69;92.71;0.0;0.0;0.0
3563;5/09/2025 18:51;25.56;66.25;25.08;87.11;23.64;100;0.0;0.0;0.0
3564;5/09/2025 19:52;0;0;23.79;95.8;22.58;100;0.0;0.0;0.0
3565;5/09/2025 20:52;0;0;23.02;100;21.74;100;0.0;0.0;0.0
3566;5/09/2025 21:53;0;0;22.39;100;21.24;100;0.0;0.0;0.0
3567;5/09/2025 22:54;0;0;21.66;100;20.75;100;0.0;0.0;0.0
3568;5/09/2025 23:54;0;0;21.4;100;20.78;100;0.0;0.0;0.0
3569;6/09/2025 0:55;0;0;21.5;100;20.46;100;0.0;0.0;0.0
3570;6/09/2025 1:56;0;0;21.52;100;20.36;100;0.0;0.0;0.0
3571;6/09/2025 3:37;0;0;20.76;99.96;19.75;100;0.0;0.0;0.0
3572;6/09/2025 4:37;0;0;20.45;100;19.71;100;0.0;0.0;0.0
3573;6/09/2025 5:38;0;0.14;20.97;100;20;100;0.0;0.0;0.0
3574;6/09/2025 6:39;171.53;444.31;21.18;100;20.08;100;0.0;0.0;0.0
3575;6/09/2025 8:10;2165.28;5153.89;23.61;92;23.29;98.89;0.0;0.0;0.0
3576;6/09/2025 9:51;6135.69;13934;32.4;51.4;32.12;68.19;0.0;0.0;0.0
3577;6/09/2025 10:52;12013.2;48211.8;35.51;43.26;35.94;57.15;0.0;0.0;0.0
3578;6/09/2025 11:53;20987.2;48585.8;37.79;37.37;37.83;50.63;0.0;0.0;0.0
3579;6/09/2025 12:53;14357.6;34545;37.37;35.88;37.03;48.9;0.0;0.0;0.0
3580;6/09/2025 13:54;4113.89;10680.8;33.8;44.19;32.51;61.13;0.0;0.0;0.0
3581;6/09/2025 14:55;1836.94;4940.56;30.53;51.02;29.25;68.49;0.0;0.0;0.0
3582;6/09/2025 16:23;517.36;1356.53;21.42;99.5;19.48;100;0.0;0.0;7.37
3583;6/09/2025 17:24;746.67;1961.67;21.79;100;20.19;100;0.0;0.0;0.0
3584;6/09/2025 18:24;130;326.11;21.72;100;20.15;100;0.0;0.0;0.0
3585;6/09/2025 19:25;0;0;21.27;100;19.78;100;0.0;0.0;0.0
3586;6/09/2025 21:06;0;0;21.2;100;19.84;100;0.0;0.0;0.0
3587;6/09/2025 22:07;0;0;20.85;100;19.62;100;0.0;0.0;0.0
3588;6/09/2025 23:07;0;0;21.27;100;19.78;100;0.0;0.0;0.0
3589;7/09/2025 0:08;0;0;21.18;100;19.61;100;0.0;0.0;0.0
3590;7/09/2025 1:09;0;0;20.91;100;19.61;100;0.0;0.0;0.0
3591;7/09/2025 2:09;0;0;20.8;100;19.65;100;0.0;0.0;0.0
3592;7/09/2025 3:10;0;0;20.8;100;19.33;100;0.0;0.0;0.0
3593;7/09/2025 4:11;0;0;20.83;100;19.36;100;0.0;0.0;0.0
3594;7/09/2025 5:11;0;0;20.8;100;19.4;100;0.0;0.0;0.0
3595;7/09/2025 6:12;60.83;164.31;21.2;100;19.71;100;0.0;0.0;0.0
3596;7/09/2025 7:12;470.56;1298.19;21.74;100;20.1;100;0.0;0.0;0.0
3597;7/09/2025 8:54;3840.56;10594.6;25.04;90.83;22.99;100;0.0;0.0;0.0
3598;7/09/2025 9:54;6061.11;16496.4;27.37;76.97;26.96;93.75;0.0;0.0;0.0
3599;7/09/2025 10:55;14154.7;48233.1;33.79;50.42;32.85;69.4;0.0;0.0;0.0
3600;7/09/2025 11:55;25076.2;54612.5;36.8;41.86;36.38;57.43;0.0;0.0;0.0
3601;7/09/2025 12:56;26303.9;48371;37.87;38.75;37.37;53.15;0.0;0.0;0.0
3602;7/09/2025 13:57;4515;12078.9;31.83;55.39;29.22;79.83;0.0;0.0;0.0
3603;7/09/2025 14:57;2698.89;7133.75;26.68;84.53;24.33;100;0.0;0.0;0.0
3604;7/09/2025 16:39;2155.69;5575.7;24.3;95.1;22.81;100;0.0;0.0;0.0
3605;7/09/2025 17:39;1072.5;2730.83;24.57;94.97;23.18;100;0.0;0.0;0.0
3606;7/09/2025 18:40;80.56;203.19;22.86;100;21.5;100;0.0;0.0;0.0
3607;7/09/2025 19:41;0;0;22.19;100;20.93;100;0.0;0.0;0.0
3608;7/09/2025 20:51;0;0;21.76;100;20.62;100;0.0;0.0;0.0
3609;7/09/2025 21:52;0;0;21.04;100;20.12;100;0.0;0.0;0.0
3610;7/09/2025 23:23;0;0;20.97;100;19.92;100;0.0;0.0;0.0
3611;8/09/2025 0:24;0;0;20.81;100;19.91;100;0.0;0.0;0.0
3612;8/09/2025 1:24;0;0;20.61;100;19.27;100;0.0;0.0;0.0
3613;8/09/2025 2:25;0;0;20.47;100;19.13;100;0.0;0.0;0.0
3614;8/09/2025 3:26;0;0;20.29;100;18.91;100;0.0;0.0;0.0
3615;8/09/2025 4:26;0;0;20.12;100;18.78;100;0.0;0.0;0.0
3616;8/09/2025 5:37;0;0.14;19.61;100;18.59;100;0.0;0.0;0.0
3617;8/09/2025 8:50;4569.86;4466.94;28.61;69.91;26.34;94.18;0.0;0.0;0.0
3618;8/09/2025 9:50;5345.97;9772.08;31.86;56.34;30.31;77.38;0.0;0.0;0.0
3619;8/09/2025 11:21;12611.8;41212.8;33.81;48.47;34.22;63.48;0.0;0.0;0.0
3620;8/09/2025 12:22;32316.2;54612.5;36.23;40.74;36;54.77;0.0;0.0;0.0
3621;8/09/2025 13:23;32982.9;54612.5;38.3;36.55;38.01;50.69;0.0;0.0;0.0
3622;8/09/2025 14:23;17402.6;37795.1;39.91;32.65;39.07;46.37;0.0;0.0;0.0
3623;8/09/2025 15:24;11050.6;36596.2;41.37;29.15;39.55;44.86;0.0;0.0;0.0
3624;8/09/2025 16:25;6275;11476.8;41.81;28.1;38.3;46.18;0.0;0.0;0.0
3625;8/09/2025 17:25;1881.11;4312.64;35.53;41.29;31.99;61.39;0.0;0.0;0.0
3626;8/09/2025 18:26;68.61;182.92;27.53;67.88;26.04;87.17;0.0;0.0;0.0
3627;8/09/2025 19:26;0;0;25.85;77.22;24.85;93.48;0.0;0.0;0.0
3628;14/09/2025 8:38;4287.92;4749.17;28.63;66.63;27.73;82;0.0;0.0;0.0
3629;14/09/2025 9:39;5988.61;9053.33;34.12;46.84;32.94;64.6;0.0;0.0;0.0
3630;14/09/2025 10:40;7318.47;29150.1;34.38;44.97;32.8;64.28;0.0;0.0;0.0
3631;14/09/2025 11:40;19821.7;54612.5;37.48;38.23;38;50.03;0.0;0.0;0.0
3632;14/09/2025 12:41;25989.9;47789.2;39.56;31.15;38.78;44.45;0.0;0.0;0.0
3633;14/09/2025 13:41;13316.9;31815.4;40;29.76;38.52;44.83;0.0;0.0;0.0
3634;14/09/2025 14:42;8126.11;23187.1;38.54;32.16;37.18;44.48;0.0;0.0;0.0
3635;14/09/2025 15:43;8165;21044.2;39.13;31.71;37.1;45.77;0.0;0.0;0.0
3636;14/09/2025 16:43;3427.64;7161.53;38.75;31.82;35.64;49.59;0.0;0.0;0.0
3637;14/09/2025 17:54;346.81;819.58;30.34;51.25;28.97;67.99;0.0;0.0;0.0
3638;14/09/2025 18:55;4.03;10.69;27.83;60.72;27.13;76.5;0.0;0.0;0.0
3639;14/09/2025 19:56;0;0;26.13;68.49;25.39;83.47;0.0;0.0;0.0
3640;14/09/2025 20:56;0;0;25.1;78.87;24.03;95.07;0.0;0.0;0.0
3641;14/09/2025 21:57;0;0;23.98;87.08;22.9;100;0.0;0.0;0.0
3642;14/09/2025 23:28;0;0;22.72;91.65;21.95;100;0.0;0.0;0.0
3643;15/09/2025 0:28;0;0;22.05;96.69;21.55;100;0.0;0.0;0.0
3644;15/09/2025 1:29;0;0;21.76;98.87;20.95;100;0.0;0.0;0.0
3645;15/09/2025 2:30;0;0;22.06;96.39;21.27;100;0.0;0.0;0.0
3646;15/09/2025 3:30;0;0;22.11;96.85;20.89;100;0.0;0.0;0.0
3647;15/09/2025 4:51;0;0;21.69;99.12;20.73;100;0.0;0.0;0.0
3648;15/09/2025 5:52;4.03;11.81;21.15;100;20.12;100;0.0;0.0;0.0
3649;15/09/2025 9:14;4560.97;9355.14;27.87;75.78;27.62;89.76;0.0;0.0;0.0
3650;15/09/2025 10:15;7968.19;32076.5;32.79;54.89;32.94;69.23;0.0;0.0;0.0
3651;15/09/2025 11:16;15543.9;54612.5;36.92;40.32;35.65;57.39;0.0;0.0;0.0
3652;15/09/2025 12:16;27886.5;54612.5;38.39;34.3;38.04;47.48;0.0;0.0;0.0
3653;15/09/2025 13:17;31536.9;54612.5;41.46;26.15;40.33;38.24;0.0;0.0;0.0
3654;15/09/2025 14:17;22360.6;48903.3;43.75;22.8;41.16;35.54;0.0;0.0;0.0
3655;15/09/2025 15:18;9967.22;36214.4;43.57;22.4;40.12;37.26;0.0;0.0;0.0
3656;15/09/2025 16:19;2780.56;6620;36.62;34.17;34.11;50.34;0.0;0.0;0.0
3657;15/09/2025 17:19;345.14;913.19;31.09;48.19;29.53;66.24;0.0;0.0;0.0
3658;15/09/2025 18:20;83.75;223.47;26.86;68.48;25.44;86.88;0.0;0.0;0.0
3659;15/09/2025 19:21;0;0;26.38;71.84;25.26;87.76;0.0;0.0;0.0
3660;15/09/2025 21:02;0;0;25.47;80.24;24.76;94.62;0.0;0.0;0.0
3661;15/09/2025 22:02;0;0;24.51;87.91;23.73;99.37;0.0;0.0;0.0
3662;15/09/2025 23:03;0;0;24.36;90.81;23.4;100;0.0;0.0;0.0
3663;16/09/2025 0:04;0;0;24.83;86.07;23.85;98.47;0.0;0.0;0.0
3664;16/09/2025 1:04;0;0;24.35;91.6;23.1;100;0.0;0.0;0.0
3665;16/09/2025 2:05;0;0;23.97;93.98;22.69;100;0.0;0.0;0.0
3666;16/09/2025 3:05;0;0;23.46;97;22.17;100;0.0;0.0;0.0
3667;16/09/2025 4:06;0;0;23.25;96.11;22.06;100;0.0;0.0;0.0
3668;16/09/2025 5:47;1.81;4.58;22;100;20.97;100;0.0;0.0;0.0
3669;16/09/2025 6:48;449.17;1152.92;22.14;100;21.61;100;0.0;0.0;0.0
3670;16/09/2025 7:48;2096.81;5669.3;24.96;88.99;24.37;99.58;0.0;0.0;0.0
3671;16/09/2025 8:49;4625.28;7063.06;30.02;64.02;29.11;81.35;0.0;0.0;0.0
3672;16/09/2025 9:50;6656.11;13918.9;34.88;46.48;33.59;65.66;0.0;0.0;0.0
3673;16/09/2025 10:50;8204.03;28801.9;34.04;46.52;32.97;65.63;0.0;0.0;0.0
3674;16/09/2025 11:51;16893.2;54013.3;38.08;37.72;37.96;51.13;0.0;0.0;0.0
3675;16/09/2025 12:52;7464.86;21008.1;36.99;37.53;35.7;52.64;0.0;0.0;0.0
3676;16/09/2025 13:52;2925.28;8053.61;31.66;54.83;29.66;77.45;0.0;0.0;0.0
3677;16/09/2025 14:53;9202.64;27301.9;32.54;58.57;30.73;80.73;0.0;0.0;0.0
3678;16/09/2025 15:54;6249.44;16462.5;36.45;44.57;34.63;64.06;0.0;0.0;0.0
3679;17/09/2025 17:27;911.94;2454.03;27.08;72.52;23.38;95.08;0.0;0.0;0.0
3680;17/09/2025 18:27;188.47;536.25;23.76;96.43;21.77;100;0.0;0.0;0.0
3681;17/09/2025 19:28;0;0;23.64;96.66;22.15;100;0.0;0.0;0.0
3682;17/09/2025 20:29;0;0;23.62;97.97;22.14;100;0.0;0.0;0.0
3683;17/09/2025 21:29;0;0;23.34;97.67;21.87;100;0.0;0.0;0.0
3684;17/09/2025 22:30;0;0;23.18;98.67;21.86;100;0.0;0.0;0.0
3685;17/09/2025 23:30;0;0;23.21;98.93;21.8;100;0.0;0.0;0.0
3686;18/09/2025 0:31;0;0;22.9;100;21.55;100;0.0;0.0;0.0
3687;18/09/2025 1:32;0;0;22.86;100;21.63;100;0.0;0.0;0.0
3688;18/09/2025 2:32;0;0;22.91;100;21.55;100;0.0;0.0;0.0
3689;18/09/2025 3:33;0;0;22.83;100;21.47;100;0.0;0.0;0.0
3690;18/09/2025 4:34;0;0;22.8;99.87;21.5;100;0.0;0.0;0.0
3691;18/09/2025 5:34;0;0;22.42;100;20.57;100;0.0;0.0;0.0
3692;18/09/2025 6:35;273.06;730.28;22.23;100;20.46;100;0.0;0.0;0.0
3693;18/09/2025 7:35;1183.06;3245.69;23.35;99.06;21.19;100;0.0;0.0;0.0
3694;18/09/2025 8:36;1654.03;4742.08;23.64;95.83;21.83;100;0.0;0.0;0.0
3695;18/09/2025 9:37;3952.22;11234.7;24.79;87.57;23;100;0.0;0.0;0.0
3696;18/09/2025 10:37;9498.33;29060.3;29.2;67.96;27.57;92.18;0.0;0.0;0.0
3697;18/09/2025 11:38;10515;32039.3;31.4;57.53;29.75;80.63;0.0;0.0;0.0
3698;18/09/2025 12:39;9047.64;26312.8;32.14;53.39;30.21;77.1;0.0;0.0;0.0
3699;18/09/2025 13:39;4734.03;13165.1;29.02;64.55;26.73;91.66;0.0;0.0;0.0
3700;18/09/2025 14:40;3882.5;10611;26.86;78.99;24.34;100;0.0;0.0;0.0
3701;18/09/2025 15:51;2759.31;7704.17;25.13;87.77;22.93;100;0.0;0.0;0.0
3702;18/09/2025 16:51;2612.64;7161.94;25.47;86.96;23.9;100;0.0;0.0;0.0
3703;18/09/2025 17:52;573.89;1585.14;24.21;95.61;22.57;100;0.0;0.0;0.0
3704;18/09/2025 18:53;4.44;12.64;23.06;100;21.6;100;0.0;0.0;0.0
3705;18/09/2025 19:53;0;0;22.75;100;21.42;100;0.0;0.0;0.0
3706;18/09/2025 20:54;0;0;22.44;100;21.21;100;0.0;0.0;0.0
3707;18/09/2025 22:35;0;0;21.92;100;20.83;100;0.0;0.0;0.0
3708;18/09/2025 23:36;0;0;21.21;100;20.28;100;0.0;0.0;0.0
3709;19/09/2025 0:57;0;0;20.96;100;19.85;100;0.0;0.0;0.0
3710;19/09/2025 1:57;0;0;20.74;100;19.84;100;0.0;0.0;0.0
3711;19/09/2025 2:58;0;0;20.58;100;19.37;100;0.0;0.0;0.0
3712;19/09/2025 3:59;0;0;20.54;100;19.25;100;0.0;0.0;0.0
3713;19/09/2025 4:59;0;0;20.38;100;19.08;100;0.0;0.0;0.0
3714;19/09/2025 6:00;13.61;35.83;20.2;100;18.89;100;0.0;0.0;0.0
3715;19/09/2025 7:00;776.25;2068.89;20.95;100;19.9;100;0.0;0.0;0.0
3716;19/09/2025 8:01;2563.47;6787.08;23.91;89.64;23.26;100;0.0;0.0;0.0
3717;20/09/2025 21:26;0;0;21.08;95.47;20.08;100;0.0;0.0;0.0
3718;20/09/2025 22:27;0;0;20.1;100;19.42;100;0.0;0.0;0.0
3719;20/09/2025 23:28;0;0;20.05;100;19.01;100;0.0;0.0;0.0
3720;21/09/2025 0:28;0;0;20.12;100;18.9;100;0.0;0.0;0.0
3721;21/09/2025 1:29;0;0;20.33;100;19.15;100;0.0;0.0;0.0
3722;21/09/2025 2:30;0;0;20.11;100;18.83;100;0.0;0.0;0.0
3723;21/09/2025 3:30;0;0;20.59;100;19.5;100;0.0;0.0;0.0
3724;21/09/2025 4:31;0;0;20.86;100;19.61;100;0.0;0.0;0.0
3725;21/09/2025 5:32;0;0;20.51;100;19.14;100;0.0;0.0;0.0
3726;21/09/2025 6:32;252.5;682.64;20.12;100;18.94;100;0.0;0.0;0.0
3727;21/09/2025 7:33;1613.89;4229.86;22.42;95.96;21.68;100;0.0;0.0;0.0
3728;21/09/2025 8:33;3314.44;5027.22;28.18;67.92;26.79;86.93;0.0;0.0;0.0
3729;21/09/2025 9:34;5782.08;10406;33.24;47.2;31.52;67.97;0.0;0.0;0.0
3730;21/09/2025 10:35;9670.83;41006.4;35.5;40.43;34.02;60.02;0.0;0.0;0.0
3731;21/09/2025 11:35;20227.8;54612.5;37.88;35.37;36.95;51.77;0.0;0.0;0.0
3732;21/09/2025 12:36;26280.3;44209.2;38.54;33.15;37.6;49;0.0;0.0;0.0
3733;21/09/2025 13:37;34529.3;54612.5;42.3;27.72;40.61;43.73;0.0;0.0;0.0
3734;21/09/2025 14:37;21756.7;54612.5;44.3;23.5;40.5;41.59;0.0;0.0;0.0
3735;21/09/2025 15:38;8662.08;27148.2;42.68;25.43;37.92;46.31;0.0;0.0;0.0
3736;22/09/2025 2:03;0;0;21.16;99.16;20.03;100;0.0;0.0;0.0
3737;22/09/2025 3:04;0;0;20.6;100;19.79;100;0.0;0.0;0.0
3738;22/09/2025 4:04;0;0;20.88;100;19.8;100;0.0;0.0;0.0
3739;22/09/2025 5:05;0;0;21.08;100;19.87;100;0.0;0.0;0.0
3740;22/09/2025 6:05;33.06;91.25;21.09;100;19.46;100;0.0;0.0;0.0
3741;22/09/2025 7:06;698.47;1846.67;21.61;100;20.09;100;0.0;0.0;0.0
3742;22/09/2025 8:07;1988.47;2760;24.53;88.03;22.81;99.26;0.0;0.0;0.0
3743;22/09/2025 9:07;4259.58;5590;31.9;56.54;29.52;79.17;0.0;0.0;0.0
3744;22/09/2025 10:08;7797.08;27287.1;35.57;41.88;34.41;59.35;0.0;0.0;0.0
3745;22/09/2025 11:09;13658.9;50739;36.61;37.63;35.5;54.51;0.0;0.0;0.0
3746;22/09/2025 12:09;29312.4;54612.5;39.46;31.67;38.98;46;0.0;0.0;0.0
3747;22/09/2025 13:10;38020.8;54612.5;41.48;28.9;39.88;44.19;0.0;0.0;0.0
3748;22/09/2025 14:10;27793.2;54107.6;44.39;23.41;41.22;40.16;0.0;0.0;0.0
3749;22/09/2025 15:11;13254.7;46576;44.29;23.21;39.64;41.35;0.0;0.0;0.0
3750;22/09/2025 16:12;6906.94;11924.6;42.41;25.29;37.62;46;0.0;0.0;0.0
3751;22/09/2025 17:12;2139.72;3676.8;39.91;29.51;33.1;56.15;0.0;0.0;0.0
3752;22/09/2025 18:13;301.94;729.86;30.14;51.22;28.07;72.31;0.0;0.0;0.0
3753;22/09/2025 19:14;0;0;26.68;69.01;25.26;88.47;0.0;0.0;0.0
3754;22/09/2025 20:14;0;0;25.56;78.34;24.57;95.36;0.0;0.0;0.0
3755;22/09/2025 21:15;0;0;25.66;74.04;25.06;89.76;0.0;0.0;0.0
3756;22/09/2025 23:06;0;0;24.25;83.27;23.36;98.35;0.0;0.0;0.0
3757;23/09/2025 0:07;0;0;23.7;89.54;23.11;100;0.0;0.0;0.0
3758;23/09/2025 1:07;0;0;23.27;94.5;22.15;100;0.0;0.0;0.0
3759;23/09/2025 2:08;0;0;23.12;95.1;22.03;100;0.0;0.0;0.0
3760;23/09/2025 3:09;0;0;22.73;97.36;21.52;100;0.0;0.0;0.0
3761;23/09/2025 4:09;0;0;22.78;96.84;21.78;100;0.0;0.0;0.0
3762;23/09/2025 5:10;0;0;22.8;97.66;21.75;100;0.0;0.0;0.0
3763;23/09/2025 6:10;28.61;86.53;23.13;93.02;22.17;100;0.0;0.0;0.0
3764;23/09/2025 7:11;1291.67;3484.31;24.33;89.58;23.34;100;0.0;0.0;0.0
3765;23/09/2025 8:52;4822.78;12770.1;29.19;65.62;28.71;82.55;0.0;0.0;0.0
3766;23/09/2025 10:03;7761.94;27158.6;33.67;49.69;32.73;69.2;0.0;0.0;0.0
3767;23/09/2025 11:04;14203.1;54612.5;37.35;40.06;37.05;56.29;0.0;0.0;0.0
3768;23/09/2025 12:04;28202.9;54612.5;39.55;34.35;38.85;48.75;0.0;0.0;0.0
3769;23/09/2025 13:05;38443.1;54612.5;41.81;28.13;40.25;41.83;0.0;0.0;0.0
3770;23/09/2025 14:06;30057.2;54612.5;44.57;22.19;41.07;38.81;0.0;0.0;0.0
3771;23/09/2025 15:06;13731.9;41886.4;44.8;21.11;40.32;37.44;0.0;0.0;0.0
3772;23/09/2025 16:07;4015.14;10499.9;38.71;30.45;36.23;44.4;0.0;0.0;0.0
3773;23/09/2025 17:08;1318.19;3513.47;34.16;39;32.64;54.72;0.0;0.0;0.0
3774;23/09/2025 18:08;213.06;599.58;30.63;52.25;29.33;70.83;0.0;0.0;0.0
3775;23/09/2025 19:09;0;0.14;28.34;63.11;27.36;81.13;0.0;0.0;0.0
3776;23/09/2025 20:09;0;0;27.2;69.13;26.38;86.03;0.0;0.0;0.0
3777;23/09/2025 21:10;0;0;26.08;79.17;24.88;97.13;0.0;0.0;0.0
3778;23/09/2025 22:11;0;0;25.18;85.43;24.16;100;0.0;0.0;0.0
3779;23/09/2025 23:12;0;0;24.16;90.29;23.36;100;0.0;0.0;0.0
3780;24/09/2025 0:12;0;0;23.15;96.84;22.42;100;0.0;0.0;0.0
3781;24/09/2025 1:13;0;0;23.52;94.13;22.62;100;0.0;0.0;0.0
3782;24/09/2025 2:13;0;0;23.61;91.87;22.55;100;0.0;0.0;0.0
3783;24/09/2025 3:14;0;0;23.14;95.68;21.88;100;0.0;0.0;0.0
3784;24/09/2025 4:15;0;0;23;97;21.85;100;0.0;0.0;0.0
3785;24/09/2025 5:15;0;0;22.67;98.27;21.28;100;0.0;0.0;0.0
3786;24/09/2025 6:46;469.58;1259.86;22.27;99.93;21.65;100;0.0;0.0;0.0
3787;24/09/2025 7:47;2081.67;5172.08;24.7;90.23;24.43;98.5;0.0;0.0;0.0
3788;24/09/2025 8:48;3784.17;6298.33;30.97;62.61;29.74;80.95;0.0;0.0;0.0
3789;24/09/2025 9:48;7038.19;14800.4;36.16;43.6;35.42;63.08;0.0;0.0;0.0
3790;24/09/2025 10:49;10198.1;42236.1;37.65;38.99;35.83;58.65;0.0;0.0;0.0
3791;24/09/2025 11:49;21016.2;53343.3;40.26;32.8;39.16;48.44;0.0;0.0;0.0
3792;24/09/2025 12:50;31556.5;54612.5;42.03;27.38;40.98;40.42;0.0;0.0;0.0
3793;24/09/2025 13:51;27037.1;54612.5;43.87;25.33;42.01;39.23;0.0;0.0;0.0
3794;24/09/2025 14:51;16260.7;48562.8;46.25;20.76;42.63;36.96;0.0;0.0;0.0
3795;24/09/2025 15:52;2525.83;6722.22;35.1;45.26;29.59;79.16;0.0;0.0;0.0
3796;24/09/2025 16:53;848.19;2387.08;26.42;76.83;23.6;100;0.0;0.0;0.0
3797;24/09/2025 17:53;371.94;1001.67;25.54;79.94;23.59;100;0.0;0.0;0.0
3798;24/09/2025 18:54;2.08;5.97;24.58;83.51;23;100;0.0;0.0;0.0
3799;24/09/2025 19:55;0;0;24.25;86.91;22.89;100;0.0;0.0;0.0
3800;24/09/2025 20:55;0;0;24.32;88.65;23.11;100;0.0;0.0;0.0
3801;24/09/2025 21:56;0;0;24.05;88.57;22.82;100;0.0;0.0;0.0
3802;24/09/2025 22:56;0;0;23.07;96.17;21.67;100;0.0;0.0;0.0
3803;24/09/2025 23:57;0;0;22.58;98.7;21.27;100;0.0;0.0;0.0
3804;25/09/2025 0:58;0;0;22.05;99.95;20.85;100;0.0;0.0;0.0
3805;25/09/2025 1:58;0;0;22.3;99.94;21;100;0.0;0.0;0.0
3806;25/09/2025 2:59;0;0;21.77;100;20.47;100;0.0;0.0;0.0
3807;25/09/2025 4:50;0;0;21.94;100;20.92;100;0.0;0.0;0.0
3808;25/09/2025 5:51;1.11;3.47;21.54;100;20.76;100;0.0;0.0;0.0
3809;25/09/2025 6:51;457.08;1309.86;22.54;99.15;21.69;100;0.0;0.0;0.0
3810;25/09/2025 7:52;2412.36;6666.39;24.88;87.07;24.08;98.7;0.0;0.0;0.0
3811;25/09/2025 8:53;3984.44;8250.97;28.95;62.31;27.6;82.36;0.0;6.45;0.0
3812;25/09/2025 9:53;6765.42;16926.8;33.65;45.35;31.56;66.88;0.0;8.88;0.0
3813;25/09/2025 10:54;11039.2;49907.1;36.69;38.61;34.6;58.43;0.0;0.0;0.0
3814;25/09/2025 11:55;25990.8;54612.5;38.53;33.92;36.84;51.09;0.0;0.0;0.0
3815;25/09/2025 12:55;38437.9;54612.5;40.34;30.03;38.27;45.05;0.0;0.0;0.0
3816;25/09/2025 13:56;32209.6;54612.5;42.16;25.49;39.37;41.58;0.0;0.0;0.0
3817;25/09/2025 14:56;16810.1;48839;45.72;20.63;42.01;35.71;0.0;0.0;0.0
3818;25/09/2025 15:57;2672.08;7315.56;37.64;32.01;34.91;49.13;0.0;0.0;0.0
3819;25/09/2025 16:58;1954.58;2645.14;35.21;38.46;31.17;61.57;0.0;0.0;0.0
3820;28/09/2025 11:07;11885.7;45068.5;36.15;39.54;34.54;58.36;0.0;0.0;0.0
3821;28/09/2025 12:07;28437.9;54612.5;38.39;33.77;37.48;48.7;0.0;0.0;0.0
3822;28/09/2025 13:08;35088.5;52840.6;40.85;29.4;39.39;44.89;0.0;0.0;0.0
3823;28/09/2025 14:09;14324.7;29714;39.48;30.49;36.55;47.55;0.0;0.0;0.0
3824;28/09/2025 15:09;7289.58;21357.4;35.23;38.01;32.98;55.63;0.0;0.0;0.0
3825;28/09/2025 16:10;5629.58;11876.5;38.65;33.55;34.58;55.25;0.0;0.0;0.0
3826;2/10/2025 11:48;22789.7;54612.5;37.56;37.37;36.41;54;0.0;36.67;0.0
3827;2/10/2025 12:49;38977.8;54612.5;39.49;33.29;37.98;49.58;0.0;48.15;0.0
3828;2/10/2025 13:49;33536.4;54612.5;42.58;26.66;40.44;41.13;0.0;52.23;0.0
3829;2/10/2025 14:50;19080.1;53639.7;45.99;20.89;40.79;37.75;0.0;55.78;0.0
3830;2/10/2025 15:50;8365.28;16860.7;45.14;19.79;39.41;38.8;0.0;49.03;0.0
3831;2/10/2025 16:51;4000.56;5958.75;43.15;23.7;35.97;48.09;0.0;51.78;0.0
3832;2/10/2025 17:52;686.11;1901.67;31.54;46.86;29.34;68.24;0.0;45.66;0.0
3833;2/10/2025 18:52;0.69;2.22;26.79;77.22;24.09;94.83;0.0;51.59;0.0
3834;2/10/2025 19:53;0;0;24.6;95.72;22.55;100;0.0;46.04;0.0
3835;2/10/2025 20:54;0;0;23.82;99.25;22.07;100;0.0;49.43;0.0
3836;2/10/2025 21:54;0;0;23.66;99.81;22.04;100;0.0;47.21;0.0
3837;2/10/2025 22:55;0;0;23.23;100;21.8;100;0.0;44.28;0.0
3838;2/10/2025 23:55;0;0;23.32;100;21.82;100;0.0;44.02;0.0
3839;3/10/2025 0:56;0;0;22.99;100;21.55;100;0.0;48.22;0.0
3840;3/10/2025 1:57;0;0;22.36;96.99;21.04;100;0.0;43.24;0.0
3841;3/10/2025 2:57;0;0;22.18;95.93;20.89;100;0.0;49.81;0.0
3842;3/10/2025 3:58;0;0;21.94;98.71;20.38;100;0.0;52.07;0.0
3843;3/10/2025 4:59;0;0;21.82;99.76;20.42;100;0.0;47.41;0.0
3844;3/10/2025 5:59;8.75;25.69;21.82;99.66;20.17;100;0.0;56.37;0.0
3845;3/10/2025 7:00;578.19;1621.94;21.97;100;20.08;100;0.0;45.78;0.0
3846;3/10/2025 8:01;2089.17;5940.97;23.81;94.59;22.26;100;0.0;46.56;0.0
3847;3/10/2025 9:01;4852.5;12914.9;28.54;71.48;26.57;96.04;0.0;45.72;0.0
3848;3/10/2025 10:02;6260.56;18541.5;29.8;64.35;27.99;86.98;0.0;48.09;0.0
3849;3/10/2025 11:02;11801.9;43933.3;34.71;45.27;33.77;63.39;0.0;51.75;0.0
3850;3/10/2025 12:03;12634.3;38541.4;36.24;40.65;34.52;58.94;0.0;47.66;0.0
3851;3/10/2025 13:04;12490.4;34957.8;35.94;39.89;34.56;57.74;0.0;48.9;0.0
3852;3/10/2025 14:04;14261.7;37007.8;38.03;36.59;35.69;55.2;0.0;49.36;0.0
3853;3/10/2025 15:05;7192.78;23527.2;35.42;41.11;32.86;61.68;0.0;49.92;0.0
3854;3/10/2025 16:05;1024.03;3054.58;26.55;73.12;23;95.82;0.0;42.49;0.0
3855;3/10/2025 17:47;336.67;1000.97;23.48;91.26;21.97;100;0.0;46.56;0.0
3856;3/10/2025 18:47;2.22;6.67;22.33;98.84;21.2;100;0.0;42.64;0.0
3857;3/10/2025 19:48;0;0;21.89;100;20.54;100;0.0;41.37;0.0
3858;3/10/2025 20:48;0;0;21.41;100;20.02;100;0.0;41.99;0.0
3859;3/10/2025 21:49;0;0;21.17;100;19.76;100;0.0;41.47;0.0
3860;3/10/2025 22:50;0;0;20.87;100;19.39;100;0.0;41.69;0.0
3861;3/10/2025 23:50;0;0;20.56;100;19.07;100;0.0;47.65;0.0
3862;4/10/2025 1:01;0;0;19.91;100;18.68;100;0.0;38.52;0.0
3863;4/10/2025 2:02;0;0;19.39;100;18.34;100;0.0;39.59;0.0
3864;4/10/2025 3:03;0;0;19.4;100;18.09;100;0.0;39.28;0.0
3865;4/10/2025 4:03;0;0;19.59;100;18.22;100;0.0;38.01;0.0
3866;4/10/2025 5:04;0;0;19.48;100;17.97;100;0.0;44.35;0.0
3867;4/10/2025 6:04;57.78;164.31;19.74;100;18.4;100;0.0;36.41;0.0
3868;4/10/2025 7:05;1207.22;3277.92;20.91;98.35;19.5;100;0.0;40.37;0.0
3869;4/10/2025 8:06;3382.92;7593.89;25.63;79.46;23.67;99.06;0.0;43.29;0.0
3870;4/10/2025 9:06;5677.22;13714.4;29.57;63.03;27.92;85.81;0.0;42.36;0.0
3871;4/10/2025 10:27;10513.3;46492.6;35.37;44.3;33.78;65.05;0.0;40.56;0.0
3872;4/10/2025 11:28;15786.1;54612.5;35.91;40.6;34.28;60.33;0.0;45.96;0.0
3873;4/10/2025 12:29;31398.1;54612.5;37.91;36.76;36.76;53.57;0.0;46.26;0.0
3874;4/10/2025 13:29;35017.2;54612.5;40.91;28.71;38.61;44.62;0.0;43.48;0.0
3875;4/10/2025 14:30;25225.1;54612.5;44.74;22.76;40.19;40.43;0.0;45.44;0.0
3876;4/10/2025 15:30;10735.8;28855.3;45.86;20.38;40.06;39.3;0.0;40.19;0.0
3877;4/10/2025 16:31;4852.5;7428.33;43.77;22.09;36.99;44.15;0.0;43.86;0.0
3878;4/10/2025 17:32;2296.53;3346.39;40.29;30.22;33.81;55.29;0.0;44.11;0.0
3879;4/10/2025 18:32;79.17;214.58;29.85;51.66;28.04;72.14;0.0;47.13;0.0
3880;4/10/2025 19:33;0;0;27.36;60.87;26.28;78.42;0.0;44.36;0.0
3881;4/10/2025 20:34;0;0;25.58;76.08;24.27;95.34;0.0;45.78;0.0
3882;4/10/2025 21:34;0;0;24.44;86.37;23.32;100;0.0;43.7;0.0
3883;4/10/2025 22:35;0;0;23.4;93.69;22.13;100;0.0;38.13;0.0
3884;4/10/2025 23:35;0;0;22.67;97.23;21.56;100;0.0;46.07;0.0
3885;5/10/2025 0:36;0;0;22.21;99.04;21.06;100;0.0;36.16;0.0
3886;5/10/2025 1:37;0;0;22.35;97.5;21.22;100;0.0;36.42;0.0
3887;5/10/2025 2:37;0;0;22.28;96.89;21.05;100;0.0;40.06;0.0
3888;5/10/2025 3:38;0;0;22.13;97.14;20.87;100;0.0;36.32;0.0
3889;5/10/2025 4:39;0;0;21.65;100;20.49;100;0.0;38.95;0.0
3890;5/10/2025 5:39;0.56;1.67;21.94;99.31;20.73;100;0.0;42.27;0.0
3891;5/10/2025 6:40;289.03;828.47;21.94;99.34;20.83;100;0.0;40.9;0.0
3892;5/10/2025 7:40;1711.25;4939.72;23.71;90.51;23.16;99.6;0.0;33.32;0.0
3893;5/10/2025 8:41;4148.19;11439.9;27.55;72.92;26.66;92.2;0.0;38.47;0.0
3894;5/10/2025 9:42;7113.47;13188.5;34.25;48.24;32.92;67.98;0.0;43.8;0.0
3895;5/10/2025 10:42;11434.4;53412.8;38.46;37.11;36.98;54.92;0.0;50.07;0.0
3896;5/10/2025 11:43;19880.4;49664;40.17;31.98;39.14;48;0.0;42.28;0.0
3897;5/10/2025 12:44;17306.9;40989.7;39.25;33.33;37.75;48.53;0.0;52.5;0.0
3898;5/10/2025 13:44;31861.1;51283.1;42.94;27.17;40.34;42.6;0.0;41.44;0.0
3899;5/10/2025 14:45;14795.3;33020.8;40.29;32;36;53.81;0.0;40.26;0.0
3900;5/10/2025 15:46;4387.64;12771.8;34.44;42.07;31.8;63.96;0.0;45.78;0.0
3901;5/10/2025 16:46;604.72;1725.83;27.99;58.66;26.24;79.18;0.0;35.38;0.0
3902;5/10/2025 17:47;183.19;511.94;26.27;63.86;24.83;82;0.0;37.18;0.0
3903;5/10/2025 18:47;3.61;10;25.03;71.5;23.65;90.18;0.0;30.38;0.0
3904;5/10/2025 19:48;0;0;24.55;82.06;22.91;98.46;0.0;41.97;0.0
3905;5/10/2025 20:49;0;0;23.63;90.26;21.9;100;0.0;35.2;0.0
3906;5/10/2025 21:49;0;0;23.21;92.67;21.72;100;0.0;40.63;0.0
3907;5/10/2025 22:50;0;0;22.98;96.78;21.61;100;0.0;36.59;0.0
3908;5/10/2025 23:51;0;0;23.09;95.56;21.76;100;0.0;29.43;0.0
3909;6/10/2025 0:51;0;0;22.84;98.44;21.43;100;0.0;35.84;0.0
3910;6/10/2025 1:52;0;0;22.57;100;21.18;100;0.0;33.83;0.0
3911;6/10/2025 2:52;0;0;22.52;99.6;21.25;100;0.0;33.88;0.0
3912;6/10/2025 3:53;0;0;22.63;99.92;21.28;100;0.0;30.54;0.0
3913;6/10/2025 4:54;0;0;22.18;100;20.68;100;0.0;34.09;0.0
3914;6/10/2025 5:54;12.08;34.31;21.77;100;20.47;100;0.0;36.58;0.0
3915;6/10/2025 6:55;1103.19;3098.89;22.63;98.1;21.59;100;0.0;28.1;0.0
3916;6/10/2025 7:56;2682.22;7951.25;25.71;83.93;25.09;98.97;0.0;34.41;0.0
3917;6/10/2025 21:07;0;0;22.9;98.87;20.79;100;0.0;36.58;0.0
3918;6/10/2025 22:08;0;0;21.7;100;20.29;100;0.0;37.51;0.0
3919;6/10/2025 23:08;0;0;21.69;100;20.15;100;0.0;29.89;0.0
3920;7/10/2025 0:09;0;0;22.05;100;20.33;100;0.0;26.21;0.0
3921;7/10/2025 1:09;0;0;22.03;100;20.16;100;0.0;31.05;0.0
3922;7/10/2025 2:10;0;0;21.89;100;20.09;100;0.0;29.7;0.0
3923;7/10/2025 3:11;0;0;21.83;100;20.01;100;0.0;34.85;0.0
3924;7/10/2025 4:11;0;0;21.84;100;20.11;100;0.0;33.37;0.0
3925;7/10/2025 5:12;0;0;21.88;100;20.13;100;0.0;23.01;0.0
3926;7/10/2025 6:13;109.44;326.81;21.85;100;20.09;100;0.0;20.02;0.0
3927;9/10/2025 19:55;0;0;21.52;100;20.22;100;0.0;0.0;22.32
3928;9/10/2025 20:56;0;0;21.47;100;20.16;100;0.0;0.0;0.0
3929;9/10/2025 22:19;0;0;21.05;100;19.65;100;0.0;0.0;0.0
3930;9/10/2025 23:19;0;0;20.5;100;19.28;100;0.0;0.0;0.0
3931;10/10/2025 0:20;0;0;20.85;100;19.49;100;0.0;0.0;0.0
3932;10/10/2025 1:21;0;0;21.28;100;19.77;100;0.0;0.0;0.0
3933;10/10/2025 2:21;0;0;21.54;100;19.94;100;0.0;0.0;0.0
3934;10/10/2025 3:22;0;0;21.54;100;19.97;100;0.0;0.0;0.0
3935;10/10/2025 4:22;0;0;21.69;100;20.07;100;0.0;0.06;0.0
3936;10/10/2025 5:23;0;0;21.62;100;19.95;100;0.0;0.0;0.0
3937;10/10/2025 6:24;87.64;257.78;21.5;100;19.79;100;0.0;0.0;0.0
3938;10/10/2025 7:24;1066.25;3061.25;22.24;100;20.3;100;0.0;0.0;0.0
3939;10/10/2025 8:25;2729.03;8045.69;23.79;94.6;20.63;100;0.0;0.0;0.0
3940;10/10/2025 9:26;4743.89;13511.5;25.67;82.74;21.58;100;0.0;0.0;0.0
3941;10/10/2025 10:26;5392.78;16095.4;27.31;74.49;22.93;100;0.0;0.0;0.0
3942;10/10/2025 11:27;4995.42;14731.2;28.16;70.2;23.81;100;0.0;0.0;0.0
3943;10/10/2025 13:18;6128.89;17852.1;29.19;66.13;28.61;88.97;0.0;0.0;0.0
3944;10/10/2025 14:19;7246.94;21108.6;30.52;58.93;29.65;81.21;0.0;0.0;0.0
3945;10/10/2025 15:19;3417.5;10204.6;28.75;64.35;27.48;88.96;0.0;0.0;0.0
3946;10/10/2025 16:20;1655.69;4915.97;26.05;73.31;24.38;98.68;0.0;0.0;0.0
3947;10/10/2025 17:21;534.03;1586.94;24.47;79.61;23;99.94;0.0;0.0;0.0
3948;10/10/2025 18:21;34.44;98.75;22.51;97.14;20.62;100;0.0;0.0;0.0
3949;10/10/2025 19:22;0;0;21.79;100;20.15;100;0.0;0.0;0.0
3950;17/10/2025 9:48;6845.14;21193.5;29.74;63.16;27.9;91.53;0.0;0.0;0.0
3951;17/10/2025 10:49;7773.47;26020.3;32.51;51.49;31.47;72.05;0.0;0.0;0.0
3952;19/10/2025 14:03;22747.9;42679.9;43.88;26.1;41.54;41.34;0.0;0.0;0.0
3953;22/10/2025 9:42;6385.69;10320.1;33.58;47.74;27.33;100;0.0;0.0;0.0
3954;22/10/2025 10:43;10771.9;51083.5;35.4;39.67;33.27;74.27;0.0;0.0;0.0
3955;22/10/2025 11:43;27687.1;54612.5;38.44;32.83;36.77;54.74;0.0;0.0;0.0
3956;22/10/2025 12:44;39015.6;54612.5;39.97;30.41;37.6;52.61;0.0;0.0;0.0
3957;22/10/2025 13:44;35907.8;54612.5;43.11;23.17;40.7;42.62;0.0;0.0;0.0
3958;22/10/2025 14:45;20071.7;54038.3;45.28;20.41;40.99;40.86;0.0;0.0;0.0
3959;22/10/2025 15:46;2859.72;8528.06;34.69;37.12;32.33;61.46;0.0;0.0;0.0
3960;22/10/2025 16:46;202.22;591.81;26.45;70.94;23.85;91.98;0.0;0.0;0.0
3961;22/10/2025 17:47;39.31;112.36;23.38;93.21;21.63;100;0.0;0.0;0.0
3962;22/10/2025 18:48;0.14;0.83;22.77;94;20.98;100;0.0;0.0;0.0
3963;22/10/2025 19:48;0;0;22.2;94.46;20.62;100;0.0;0.0;0.0
3964;22/10/2025 20:49;0;0;22.03;98.78;20.7;100;0.0;0.0;0.0
3965;22/10/2025 21:50;0;0;21.89;100;20.53;100;0.0;0.0;0.0
3966;22/10/2025 22:50;0;0;21.67;100;20.3;100;0.0;0.0;0.0
3967;22/10/2025 23:51;0;0;21.61;100;20.25;100;0.0;0.0;0.0
3968;23/10/2025 0:51;0;0;21.45;100;20.13;100;0.0;0.0;0.0
3969;23/10/2025 1:52;0;0;21.44;100;20.14;100;0.0;0.0;0.0
3970;23/10/2025 2:53;0;0;21.58;100;20.28;100;0.0;0.0;0.0
3971;23/10/2025 3:53;0;0;21.31;100;19.93;100;0.0;0.0;0.0
3972;23/10/2025 4:54;0;0;21.18;100;19.84;100;0.0;0.0;0.0
3973;23/10/2025 5:55;2.5;8.33;21.39;100;20.07;100;0.0;0.0;0.0
3974;23/10/2025 6:55;227.78;698.61;21.5;100;20.2;100;0.0;0.0;0.0
3975;23/10/2025 7:56;676.94;2015.42;22.06;99.81;20.6;100;0.0;0.0;0.0
3976;23/10/2025 8:56;2960.83;8787.22;24.24;90.16;22.49;100;0.0;0.0;0.0
3977;23/10/2025 9:57;6450.97;19630;28.68;69.34;27.52;94.19;0.0;0.0;0.0
3978;23/10/2025 11:08;9031.8;28899.2;31.31;57.69;30.74;81.46;0.0;0.0;0.0
3979;23/10/2025 12:08;12889.6;30012.6;32.02;54.33;32.15;75.2;0.0;0.0;0.0
3980;23/10/2025 13:09;10868.1;28040.4;34.94;41.99;34.55;63.07;0.0;0.0;0.0
3981;23/10/2025 14:40;10590.4;33686.2;35.38;43.93;33.11;69.6;0.0;0.0;0.0
3982;23/10/2025 15:41;8839.17;16641.2;40.78;30.26;35.94;58.72;0.0;0.0;0.0
3983;23/10/2025 16:41;4007.22;7885.7;36.64;35.97;33.16;64.88;0.0;0.0;0.0
3984;23/10/2025 17:42;533.61;1502.78;28.65;54.58;27.13;81.61;0.0;0.0;0.0
3985;23/10/2025 18:53;0.28;0.69;24.72;81.45;23.75;99.69;0.0;0.0;0.0
3986;23/10/2025 19:54;0;0;23.25;95.99;22.73;100;0.0;0.0;0.0
3987;23/10/2025 20:54;0;0;22.89;98.91;22.13;100;0.0;0.0;0.0
3988;23/10/2025 21:55;0;0;22.45;98.13;21.39;100;0.0;0.0;0.0
3989;23/10/2025 22:55;0;0;21.95;98.09;20.89;100;0.0;0.0;0.0
3990;25/10/2025 11:05;15553.2;52271.5;33.87;42.06;32.6;76.13;0.0;0.0;0.0
3991;25/10/2025 12:05;31534.2;54612.5;35.43;39.82;34.18;66.91;0.0;0.0;0.0
3992;25/10/2025 13:06;38543.9;54612.5;38.46;32.29;36.64;57.56;0.0;0.0;0.0
3993;25/10/2025 14:07;29778.1;54612.5;41.76;25.38;37.45;53.29;0.0;0.0;0.0
3994;25/10/2025 15:07;11266.5;30728.6;40.01;26;35.51;55.75;0.0;0.0;0.0
3995;25/10/2025 16:08;4545.14;10055.8;36.96;31.77;33.69;59.86;0.0;0.0;0.0
3996;29/10/2025 10:57;9363.47;38345;35.46;35.11;33.87;65.38;0.0;0.0;0.0
3997;29/10/2025 11:57;23547.9;51672.6;37.75;29.48;36.6;58.62;0.0;0.0;0.0
3998;29/10/2025 12:58;36523.2;54612.5;39.49;27.27;37.34;56.2;0.0;0.0;0.0
3999;29/10/2025 13:58;30438.2;54612.5;43.15;19.65;38.67;50.38;0.0;0.0;0.0
4000;29/10/2025 14:59;15287.9;43819;45.49;15.23;40.13;45.32;0.0;0.0;0.0
4001;29/10/2025 16:00;5349.72;9544.58;40.21;21.81;37.12;50.1;0.0;0.0;0.0
4002;2/11/2025 5:54;20.83;57.92;21.6;95.62;20.8;100;0.0;0.0;0.0
4003;2/11/2025 6:55;1009.86;2828.89;22.5;92.41;22.28;100;0.0;0.0;0.0
4004;2/11/2025 7:55;1995.83;4716.25;25.96;74.99;25.98;96.8;0.0;0.0;0.0
4005;2/11/2025 8:56;4161.53;8992.36;31.37;49.98;30.99;76.79;0.0;0.0;0.0
4006;2/11/2025 9:57;6578.33;14303.9;34.92;40.6;33.36;70.58;0.0;0.0;0.0
4007;2/11/2025 10:57;11127.9;46378.1;34.73;39.54;33.63;67.81;0.0;0.0;0.0
4008;2/11/2025 11:58;20372.5;43896;38.37;28.36;37.92;54.05;0.0;0.0;0.0
4009;2/11/2025 12:58;4350.14;12587.1;33.97;36.59;32.81;66.41;0.0;0.0;0.0
4010;2/11/2025 13:59;5659.72;17180.7;33.47;39;32.66;67.91;0.0;0.0;0.0
4011;2/11/2025 15:00;5857.78;18602.1;34.74;38.15;33.69;65.35;0.0;0.0;0.0
4012;2/11/2025 16:00;1006.94;2997.36;29.63;48.16;28.3;79.94;0.0;0.0;0.0
4013;2/11/2025 17:01;583.47;1784.86;26.21;59.75;24.99;92.27;0.0;0.0;0.0
4014;2/11/2025 18:02;147.08;432.36;25.37;67.59;24.38;97.84;0.0;0.0;0.0
4015;2/11/2025 19:02;0;0;24.8;73.78;23.8;100;0.0;0.0;0.0
4016;2/11/2025 20:03;0;0;24.4;76.65;23.33;100;0.0;0.0;0.0
4017;2/11/2025 21:03;0;0;23.79;81.77;22.7;100;0.0;0.0;0.0
4018;2/11/2025 22:04;0;0;23.09;88.06;22.07;100;0.0;0.0;0.0
4019;2/11/2025 23:05;0;0;22.88;88.11;21.85;100;0.0;0.0;0.0
4020;3/11/2025 0:05;0;0;22.3;91.31;21.26;100;0.0;0.0;0.0
4021;3/11/2025 1:06;0;0;22.4;90.44;21.47;100;0.0;0.0;0.0
4022;3/11/2025 2:07;0;0;22.09;93.34;20.86;100;0.0;0.0;0.0
4023;3/11/2025 3:07;0;0;22.17;93.69;21.04;100;0.0;0.0;0.0
4024;3/11/2025 4:08;0;0;22.05;94.15;20.8;100;0.0;0.0;0.0
4025;3/11/2025 5:09;0;0;22.07;94.39;20.82;100;0.0;0.0;0.0
4026;3/11/2025 6:09;77.78;230;22.07;94.57;20.8;100;0.0;0.0;0.0
4027;3/11/2025 7:10;1396.39;4052.78;23.11;89.02;22.16;100;0.0;0.0;0.0
4028;3/11/2025 8:10;2777.5;8042.92;25.77;74.73;25.02;100;0.0;0.0;0.0
4029;3/11/2025 9:11;5708.33;13770.3;30.18;54.67;30;82.95;0.0;0.0;0.0
4030;3/11/2025 10:12;8072.92;27261.4;35.88;35.54;34.78;64.85;0.0;0.0;0.0
4031;3/11/2025 11:12;14932.1;47969.6;36.63;29.93;35.11;58.61;0.0;0.0;0.0
4032;3/11/2025 12:13;26301.2;48690;38.52;28.22;37.68;54.25;0.0;0.0;0.0
4033;3/11/2025 13:14;29617.8;52434.7;39.58;25.24;37.85;51.79;0.0;0.0;0.0
4034;3/11/2025 14:14;19323.6;42744.6;39.69;24.81;37.03;53.48;0.0;0.0;0.0
4035;3/11/2025 15:15;1916.25;5759.58;33.14;38.33;30.39;72.38;0.0;0.0;0.0
4036;3/11/2025 16:56;654.72;1956.94;26.05;69.37;24.63;97.94;0.0;0.0;0.0
4037;3/11/2025 17:57;92.08;282.64;23.82;87.71;22.38;100;0.0;0.0;0.0
4038;3/11/2025 18:57;0;0;23.27;92.08;21.85;100;0.0;0.0;0.0
4039;3/11/2025 19:58;0;0;23.19;92.07;21.77;100;0.0;0.0;0.0
4040;3/11/2025 21:39;0;0;22.64;93.2;21.54;100;0.0;0.0;0.0
4041;3/11/2025 22:40;0;0;22.57;95.68;21.69;100;0.0;0.0;0.0
4042;3/11/2025 23:40;0;0;22.82;91.12;21.56;100;0.0;0.0;0.0
4043;4/11/2025 0:41;0;0;22.7;92.75;21.1;100;0.0;0.0;0.0
4044;4/11/2025 2:12;0;0;21.8;97.69;20.53;100;0.0;0.0;0.0
4045;4/11/2025 3:13;0;0;21.41;100;20.45;100;0.0;0.0;0.0
4046;4/11/2025 4:13;0;0;21.63;99.5;20.44;100;0.0;0.0;0.0
4047;4/11/2025 5:54;10.28;31.53;21.29;99.4;20.22;100;0.0;0.0;0.0
4048;4/11/2025 6:55;518.33;1543.19;21.61;99.75;20.81;100;0.0;0.0;0.0
4049;4/11/2025 7:56;1672.5;5275.28;23.59;90.19;22.59;100;0.0;0.0;0.0
4050;4/11/2025 9:29;3531.39;10822.9;26.05;74.46;25.63;99.72;0.0;0.0;0.0
4051;4/11/2025 10:30;6337.08;19869.3;29.04;60.81;28.56;88.91;0.0;0.0;0.0
4052;4/11/2025 11:30;11395;36996.4;33.73;43.04;33.13;69.55;0.0;0.0;0.0
4053;4/11/2025 12:31;20994.9;42748.6;35.44;38.08;35.08;65.07;0.0;0.0;0.0
4054;4/11/2025 13:32;32009.3;54612.5;41.36;25.22;38.69;53.4;0.0;0.0;0.0
4055;4/11/2025 14:32;12202.1;32622.9;39.31;28.14;36.78;56.78;0.0;0.0;0.0
4056;4/11/2025 15:33;7055.42;14445.3;37.81;29.19;35.62;58.17;0.0;0.0;0.0
4057;6/11/2025 9:46;2958.75;9414.86;25.14;77.08;23.77;100;0.0;0.0;0.0
4058;6/11/2025 10:47;5171.81;16341.4;27.25;66.2;26.72;95.93;0.0;0.0;0.0
